domain,target,method,reference,evaluation,records,DOI_groups,delta_R2,delta_R2_CI_low,delta_R2_CI_high,delta_MAE,delta_MAE_CI_low,delta_MAE_CI_high,MAE_change_percent,MAE_change_percent_CI_low,MAE_change_percent_CI_high,delta_RMSE,delta_RMSE_CI_low,delta_RMSE_CI_high,delta_absolute_bias,delta_absolute_bias_CI_low,delta_absolute_bias_CI_high
Sn-only,PCE,Subgroup calibrator,Frozen global,Device-level,155,30,0.0,0.0,0.0,0.0,0.0,0.0,0.0,0.0,0.0,0.0,0.0,0.0,0.0,0.0,0.0
Sn-only,PCE,Subgroup calibrator,Frozen global,Publication-balanced,155,30,0.0,0.0,0.0,0.0,0.0,0.0,0.0,0.0,0.0,0.0,0.0,0.0,0.0,0.0,0.0
Sn-only,PCE,Domain expert,Frozen global,Device-level,155,30,-0.14026127277643607,-0.23474961830818328,-0.07298764919430474,0.19533396342848808,0.08169045971381822,0.29230410651900496,10.788834141554338,4.512954341230153,16.540987986282474,0.20664518570712787,0.10140693021249662,0.3024901274343726,0.005442397423404355,-0.25513391062552776,0.23152414988986078
Sn-only,PCE,Domain expert,Frozen global,Publication-balanced,155,30,-0.16867039064409506,-0.24854937715776143,-0.09270084583453587,0.2860952080882724,0.15867450496547944,0.41823266161171746,14.414626911903516,7.9570192124494685,22.067975224317394,0.25569502155922486,0.13420541630415156,0.37412252140430124,-0.010593053074334335,-0.20888431693545198,0.1955520270061729
Sn-only,PCE,Convex mixture,Frozen global,Device-level,155,30,0.0,0.0,0.0,0.0,0.0,0.0,0.0,0.0,0.0,0.0,0.0,0.0,0.0,0.0,0.0
Sn-only,PCE,Convex mixture,Frozen global,Publication-balanced,155,30,0.0,0.0,0.0,0.0,0.0,0.0,0.0,0.0,0.0,0.0,0.0,0.0,0.0,0.0,0.0
Sn-only,PCE,Development-selected policy,Frozen global,Device-level,155,30,0.0,0.0,0.0,0.0,0.0,0.0,0.0,0.0,0.0,0.0,0.0,0.0,0.0,0.0,0.0
Sn-only,PCE,Development-selected policy,Frozen global,Publication-balanced,155,30,0.0,0.0,0.0,0.0,0.0,0.0,0.0,0.0,0.0,0.0,0.0,0.0,0.0,0.0,0.0
Sn-only,Voc,Subgroup calibrator,Frozen global,Device-level,155,30,0.0,0.0,0.0,0.0,0.0,0.0,0.0,0.0,0.0,0.0,0.0,0.0,0.0,0.0,0.0
Sn-only,Voc,Subgroup calibrator,Frozen global,Publication-balanced,155,30,0.0,0.0,0.0,0.0,0.0,0.0,0.0,0.0,0.0,0.0,0.0,0.0,0.0,0.0,0.0
Sn-only,Voc,Domain expert,Frozen global,Device-level,155,30,0.03992359542389656,-0.13011888891777923,0.24937864986306635,0.002191910878035802,-0.006179531117925253,0.008962798493705394,1.9170136300198592,-4.714239230225118,8.425496681039734,-0.002438959356102832,-0.01320618310742059,0.007520957823244187,-0.0006840786992196105,-0.013707296760496453,0.010227790208145989
Sn-only,Voc,Domain expert,Frozen global,Publication-balanced,155,30,0.04472400350240702,-0.15169250689413286,0.2798769619566297,0.0037679157598420054,-0.005812652453419835,0.013087022809117058,3.0222318457170827,-4.046960234217992,12.364461480234446,-0.0028794374988810323,-0.015124566385303519,0.010568678557020917,-0.000463625713760657,-0.013744909774567183,0.01288383522160242
Sn-only,Voc,Convex mixture,Frozen global,Device-level,155,30,0.0,0.0,0.0,0.0,0.0,0.0,0.0,0.0,0.0,0.0,0.0,0.0,0.0,0.0,0.0
Sn-only,Voc,Convex mixture,Frozen global,Publication-balanced,155,30,0.0,0.0,0.0,0.0,0.0,0.0,0.0,0.0,0.0,0.0,0.0,0.0,0.0,0.0,0.0
Sn-only,Voc,Development-selected policy,Frozen global,Device-level,155,30,0.0,0.0,0.0,0.0,0.0,0.0,0.0,0.0,0.0,0.0,0.0,0.0,0.0,0.0,0.0
Sn-only,Voc,Development-selected policy,Frozen global,Publication-balanced,155,30,0.0,0.0,0.0,0.0,0.0,0.0,0.0,0.0,0.0,0.0,0.0,0.0,0.0,0.0,0.0
Sn-only,Jsc,Subgroup calibrator,Frozen global,Device-level,155,30,0.0,0.0,0.0,0.0,0.0,0.0,0.0,0.0,0.0,0.0,0.0,0.0,0.0,0.0,0.0
Sn-only,Jsc,Subgroup calibrator,Frozen global,Publication-balanced,155,30,0.0,0.0,0.0,0.0,0.0,0.0,0.0,0.0,0.0,0.0,0.0,0.0,0.0,0.0,0.0
Sn-only,Jsc,Domain expert,Frozen global,Device-level,155,30,-0.05907511208794003,-0.22506374709472105,0.04891400554305964,0.45605424922923143,0.13140157980158748,0.7532617055459656,12.086764768571534,2.9520410260115173,23.73779844472281,0.18517228327724133,-0.16180105183799334,0.5432856778851951,0.07282833075904027,-0.6295259337912066,0.6629958168656641
Sn-only,Jsc,Domain expert,Frozen global,Publication-balanced,155,30,-0.07344013585956022,-0.20340873221763023,0.05085588644181422,0.5890594144002215,0.23163025561875722,0.9521591489591322,13.00381472853298,4.521719041158242,25.22794547646611,0.2581735006899937,-0.16459201942721752,0.6890943323961862,0.12790127653875705,-0.3456827157885787,0.6263112336853539
Sn-only,Jsc,Convex mixture,Frozen global,Device-level,155,30,0.0,0.0,0.0,0.0,0.0,0.0,0.0,0.0,0.0,0.0,0.0,0.0,0.0,0.0,0.0
Sn-only,Jsc,Convex mixture,Frozen global,Publication-balanced,155,30,0.0,0.0,0.0,0.0,0.0,0.0,0.0,0.0,0.0,0.0,0.0,0.0,0.0,0.0,0.0
Sn-only,Jsc,Development-selected policy,Frozen global,Device-level,155,30,0.0,0.0,0.0,0.0,0.0,0.0,0.0,0.0,0.0,0.0,0.0,0.0,0.0,0.0,0.0
Sn-only,Jsc,Development-selected policy,Frozen global,Publication-balanced,155,30,0.0,0.0,0.0,0.0,0.0,0.0,0.0,0.0,0.0,0.0,0.0,0.0,0.0,0.0,0.0
Sn-only,FF,Subgroup calibrator,Frozen global,Device-level,155,30,0.0,0.0,0.0,0.0,0.0,0.0,0.0,0.0,0.0,0.0,0.0,0.0,0.0,0.0,0.0
Sn-only,FF,Subgroup calibrator,Frozen global,Publication-balanced,155,30,0.0,0.0,0.0,0.0,0.0,0.0,0.0,0.0,0.0,0.0,0.0,0.0,0.0,0.0,0.0
Sn-only,FF,Domain expert,Frozen global,Device-level,155,30,-0.1012784549764496,-0.1776038864091705,-0.0018284342135437128,0.8095756047970966,-0.04970251974282735,1.5124699923583573,10.809843304487888,-0.6819648119677654,21.2815373794492,0.8620422042892866,0.01098733714385621,1.6222915127082653,-0.016307397452775207,-0.874609208018254,1.4982634060087663
Sn-only,FF,Domain expert,Frozen global,Publication-balanced,155,30,-0.10235627338139919,-0.17031968154076849,-0.03248887964232944,0.9187843933205215,0.20566563568818128,1.5889445661578643,10.862980362480545,2.228504047597168,20.21798652712286,0.9035745892444336,0.23017707689221276,1.5991632950627177,-0.22310909963930592,-0.9798349763927818,1.0079965522230814
Sn-only,FF,Convex mixture,Frozen global,Device-level,155,30,0.0,0.0,0.0,0.0,0.0,0.0,0.0,0.0,0.0,0.0,0.0,0.0,0.0,0.0,0.0
Sn-only,FF,Convex mixture,Frozen global,Publication-balanced,155,30,0.0,0.0,0.0,0.0,0.0,0.0,0.0,0.0,0.0,0.0,0.0,0.0,0.0,0.0,0.0
Sn-only,FF,Development-selected policy,Frozen global,Device-level,155,30,0.0,0.0,0.0,0.0,0.0,0.0,0.0,0.0,0.0,0.0,0.0,0.0,0.0,0.0,0.0
Sn-only,FF,Development-selected policy,Frozen global,Publication-balanced,155,30,0.0,0.0,0.0,0.0,0.0,0.0,0.0,0.0,0.0,0.0,0.0,0.0,0.0,0.0,0.0
Mixed Pb-Sn,PCE,Subgroup calibrator,Frozen global,Device-level,98,25,0.0,0.0,0.0,0.0,0.0,0.0,0.0,0.0,0.0,0.0,0.0,0.0,0.0,0.0,0.0
Mixed Pb-Sn,PCE,Subgroup calibrator,Frozen global,Publication-balanced,98,25,0.0,0.0,0.0,0.0,0.0,0.0,0.0,0.0,0.0,0.0,0.0,0.0,0.0,0.0,0.0
Mixed Pb-Sn,PCE,Domain expert,Frozen global,Device-level,98,25,-0.2130465043904861,-0.7260441219484584,0.010942338684403056,0.46712544922174803,0.13274588674401705,0.8442772778777271,12.345898669293675,3.449959610817455,24.13665427822875,0.4681347323681404,-0.026144108104040106,1.0737401116837684,0.7598713461210391,0.10687324224152826,1.4115401620895744
Mixed Pb-Sn,PCE,Domain expert,Frozen global,Publication-balanced,98,25,-0.46151798592179016,-1.1539107069563457,-0.10657121882863123,0.6989485575306462,0.2764169914355835,1.244490230230098,18.209458565816682,7.545154928822312,30.71404284307213,0.905788950150316,0.2650838894009697,1.6235859773037593,0.86511687408683,0.302727645633541,1.471766060339814
Mixed Pb-Sn,PCE,Convex mixture,Frozen global,Device-level,98,25,0.0,0.0,0.0,0.0,0.0,0.0,0.0,0.0,0.0,0.0,0.0,0.0,0.0,0.0,0.0
Mixed Pb-Sn,PCE,Convex mixture,Frozen global,Publication-balanced,98,25,0.0,0.0,0.0,0.0,0.0,0.0,0.0,0.0,0.0,0.0,0.0,0.0,0.0,0.0,0.0
Mixed Pb-Sn,PCE,Development-selected policy,Frozen global,Device-level,98,25,0.0,0.0,0.0,0.0,0.0,0.0,0.0,0.0,0.0,0.0,0.0,0.0,0.0,0.0,0.0
Mixed Pb-Sn,PCE,Development-selected policy,Frozen global,Publication-balanced,98,25,0.0,0.0,0.0,0.0,0.0,0.0,0.0,0.0,0.0,0.0,0.0,0.0,0.0,0.0,0.0
Mixed Pb-Sn,Voc,Subgroup calibrator,Frozen global,Device-level,98,25,0.0,0.0,0.0,0.0,0.0,0.0,0.0,0.0,0.0,0.0,0.0,0.0,0.0,0.0,0.0
Mixed Pb-Sn,Voc,Subgroup calibrator,Frozen global,Publication-balanced,98,25,0.0,0.0,0.0,0.0,0.0,0.0,0.0,0.0,0.0,0.0,0.0,0.0,0.0,0.0,0.0
Mixed Pb-Sn,Voc,Domain expert,Frozen global,Device-level,98,25,-0.04182289767725611,-0.40455605790913074,0.34033344823846207,0.002191900217092896,-0.014336908997916438,0.01698850830239106,2.0580891535242563,-13.331056489163887,18.34850508687733,0.003124698360622208,-0.017982938213956745,0.029932912540351526,-0.03727185591226438,-0.062435728416360275,0.04727927256922012
Mixed Pb-Sn,Voc,Domain expert,Frozen global,Publication-balanced,98,25,-0.14482050610328046,-0.6479199726064352,0.5411490109316549,0.00414841296173786,-0.021288161161794106,0.029991085252772495,4.045682014149943,-19.259565268494278,33.546225798029496,0.010256169854340913,-0.02723750208802914,0.048286432033341375,-0.002771161224974294,-0.06284429476246525,0.0668184390032243
Mixed Pb-Sn,Voc,Convex mixture,Frozen global,Device-level,98,25,0.0,0.0,0.0,0.0,0.0,0.0,0.0,0.0,0.0,0.0,0.0,0.0,0.0,0.0,0.0
Mixed Pb-Sn,Voc,Convex mixture,Frozen global,Publication-balanced,98,25,0.0,0.0,0.0,0.0,0.0,0.0,0.0,0.0,0.0,0.0,0.0,0.0,0.0,0.0,0.0
Mixed Pb-Sn,Voc,Development-selected policy,Frozen global,Device-level,98,25,0.0,0.0,0.0,0.0,0.0,0.0,0.0,0.0,0.0,0.0,0.0,0.0,0.0,0.0,0.0
Mixed Pb-Sn,Voc,Development-selected policy,Frozen global,Publication-balanced,98,25,0.0,0.0,0.0,0.0,0.0,0.0,0.0,0.0,0.0,0.0,0.0,0.0,0.0,0.0,0.0
Mixed Pb-Sn,Jsc,Subgroup calibrator,Frozen global,Device-level,98,25,0.0,0.0,0.0,0.0,0.0,0.0,0.0,0.0,0.0,0.0,0.0,0.0,0.0,0.0,0.0
Mixed Pb-Sn,Jsc,Subgroup calibrator,Frozen global,Publication-balanced,98,25,0.0,0.0,0.0,0.0,0.0,0.0,0.0,0.0,0.0,0.0,0.0,0.0,0.0,0.0,0.0
Mixed Pb-Sn,Jsc,Domain expert,Frozen global,Device-level,98,25,0.0991578677657301,-0.015701465950983495,0.6894027549560423,-0.21907740448412572,-0.7061165616125296,0.1508882020956115,-4.390417106313893,-14.058788865782127,3.4064537603000002,-0.29190975467625613,-0.7221465254668188,0.024749005833795017,-0.05843124938447852,-0.6291982580181469,0.3592831141243642
Mixed Pb-Sn,Jsc,Domain expert,Frozen global,Publication-balanced,98,25,0.15708737525383776,-0.059025612147732394,0.7641446404642741,-0.2771884371829909,-0.9610492824319578,0.20688959647678,-5.585888527199067,-18.670612093593643,4.649070865995354,-0.3336406088417556,-0.8870242112146546,0.08731069390413049,-0.19059307733840125,-0.9400426804111458,0.39247347408146255
Mixed Pb-Sn,Jsc,Convex mixture,Frozen global,Device-level,98,25,0.0,0.0,0.0,0.0,0.0,0.0,0.0,0.0,0.0,0.0,0.0,0.0,0.0,0.0,0.0
Mixed Pb-Sn,Jsc,Convex mixture,Frozen global,Publication-balanced,98,25,0.0,0.0,0.0,0.0,0.0,0.0,0.0,0.0,0.0,0.0,0.0,0.0,0.0,0.0,0.0
Mixed Pb-Sn,Jsc,Development-selected policy,Frozen global,Device-level,98,25,0.0,0.0,0.0,0.0,0.0,0.0,0.0,0.0,0.0,0.0,0.0,0.0,0.0,0.0,0.0
Mixed Pb-Sn,Jsc,Development-selected policy,Frozen global,Publication-balanced,98,25,0.0,0.0,0.0,0.0,0.0,0.0,0.0,0.0,0.0,0.0,0.0,0.0,0.0,0.0,0.0
Mixed Pb-Sn,FF,Subgroup calibrator,Frozen global,Device-level,98,25,0.0,0.0,0.0,0.0,0.0,0.0,0.0,0.0,0.0,0.0,0.0,0.0,0.0,0.0,0.0
Mixed Pb-Sn,FF,Subgroup calibrator,Frozen global,Publication-balanced,98,25,0.0,0.0,0.0,0.0,0.0,0.0,0.0,0.0,0.0,0.0,0.0,0.0,0.0,0.0,0.0
Mixed Pb-Sn,FF,Domain expert,Frozen global,Device-level,98,25,-0.2491990367976622,-0.6556015143212975,-0.058424481318446964,0.6982108820027078,0.18970323057852684,1.2032642975832721,10.266035642968486,2.9722013058498282,17.122969655508243,0.8189662695700797,0.21960236620051163,1.5068815713042716,0.8724371361645344,-0.03592799311918721,1.686560540623505
Mixed Pb-Sn,FF,Domain expert,Frozen global,Publication-balanced,98,25,-0.5132678791315239,-1.340171764047558,-0.12357332200361712,0.9278556899785562,0.25493246501663636,1.7315100495740632,12.631336817913041,3.8030009774297504,21.8720652891171,1.414894910812139,0.42376228062095667,2.5449831957977733,1.0747809442541305,0.08821972740112058,2.079326188324584
Mixed Pb-Sn,FF,Convex mixture,Frozen global,Device-level,98,25,0.0,0.0,0.0,0.0,0.0,0.0,0.0,0.0,0.0,0.0,0.0,0.0,0.0,0.0,0.0
Mixed Pb-Sn,FF,Convex mixture,Frozen global,Publication-balanced,98,25,0.0,0.0,0.0,0.0,0.0,0.0,0.0,0.0,0.0,0.0,0.0,0.0,0.0,0.0,0.0
Mixed Pb-Sn,FF,Development-selected policy,Frozen global,Device-level,98,25,0.0,0.0,0.0,0.0,0.0,0.0,0.0,0.0,0.0,0.0,0.0,0.0,0.0,0.0,0.0
Mixed Pb-Sn,FF,Development-selected policy,Frozen global,Publication-balanced,98,25,0.0,0.0,0.0,0.0,0.0,0.0,0.0,0.0,0.0,0.0,0.0,0.0,0.0,0.0,0.0
