domain,target,method,evaluation,records,DOI_groups,R2,R2_CI_low,R2_CI_high,MAE,MAE_CI_low,MAE_CI_high,RMSE,RMSE_CI_low,RMSE_CI_high,bias,bias_CI_low,bias_CI_high
Sn-only,PCE,Frozen global,Device-level,155,30,0.29380586111378826,-0.048211282935457865,0.46632958966644844,1.810519661954377,1.5776242640433917,2.0392178411517587,2.179500173327128,1.8980488092763077,2.466996669837331,-0.7813377327699467,-1.3947400604982816,-0.1130388537837306
Sn-only,PCE,Frozen global,Publication-balanced,155,30,0.22970880497023916,-0.12254849431829662,0.45115050845151927,1.9847562468093884,1.6212321142482535,2.3908240194976607,2.4569620783799393,2.0073938847489705,2.9131475169512635,-0.9973464311493707,-1.6837091254126533,-0.340459671478728
Sn-only,Voc,Frozen global,Device-level,155,30,-0.1853182172228578,-0.881054170830454,0.08835146981079119,0.11433986924824842,0.09616750124835236,0.13827348845777707,0.14359385288523885,0.11642602217621228,0.17461521354716988,-0.05319440356750077,-0.09346721920702974,-0.011707477851438717
Sn-only,Voc,Frozen global,Publication-balanced,155,30,-0.21371866421117325,-1.107385914320785,0.18291285866886126,0.12467328623982485,0.10134425048102581,0.15104598435058103,0.15483094493561628,0.12297670795908353,0.1848712189750218,-0.06346771604714824,-0.10462241011451213,-0.02065586931780161
Sn-only,Jsc,Frozen global,Device-level,155,30,0.22671599727496083,-0.16513540922965356,0.3951397670395183,3.7731705544156946,2.966973131296752,4.71451944016368,4.938634951852707,3.91403109946788,5.985837869525497,-1.4351447997656792,-2.540077679959892,-0.12661889480753344
Sn-only,Jsc,Frozen global,Publication-balanced,155,30,0.15872650630969531,-0.2708927238882239,0.36505082952544987,4.5298970086655155,3.365627917489473,5.772095746078271,6.041258769399115,4.689549503638516,7.287235258768285,-1.2573305982239131,-3.038680527770145,0.7369614148871293
Sn-only,FF,Frozen global,Device-level,155,30,0.47560174756627993,0.07465799753652973,0.6206110965539728,7.489244589336346,6.39097170095881,8.986955614673095,9.338947350670495,7.778853933728074,11.23114522282544,-1.0600021693062738,-3.408292600101321,1.3558392771068417
Sn-only,FF,Frozen global,Publication-balanced,155,30,0.42313978743861147,0.09506906076026009,0.5693662929680363,8.45794029503997,6.96380913401828,10.323087347946577,10.618092991566943,8.574893283047349,12.861289402242937,-1.783684750281715,-4.9022773968070075,1.0348844971072566
Sn-only,PCE,Subgroup calibrator,Device-level,155,30,0.29380586111378826,-0.029757372144139656,0.4524933439178233,1.810519661954377,1.575461762653482,2.039532228875981,2.179500173327128,1.9116821069399914,2.4618776319259625,-0.7813377327699467,-1.4338580467171491,-0.09013956222253665
Sn-only,PCE,Subgroup calibrator,Publication-balanced,155,30,0.22970880497023916,-0.14680034087004445,0.44726517286502215,1.9847562468093884,1.6390361944141478,2.4113931926089656,2.4569620783799393,1.9919456262350261,2.9513391207095787,-0.9973464311493707,-1.6774563310838264,-0.3420199695589373
Sn-only,Voc,Subgroup calibrator,Device-level,155,30,-0.1853182172228578,-0.8733829476268697,0.08691217892253497,0.11433986924824842,0.09660814623487861,0.13935173365873435,0.14359385288523885,0.11675794812224659,0.1767087887157993,-0.05319440356750077,-0.0915383401306096,-0.014283451275197697
Sn-only,Voc,Subgroup calibrator,Publication-balanced,155,30,-0.21371866421117325,-1.1811872670465287,0.1733130853838041,0.12467328623982485,0.10191243451603946,0.15067279656623284,0.15483094493561628,0.12380537876978404,0.18515379605486781,-0.06346771604714824,-0.11186575859012308,-0.01682412442665646
Sn-only,Jsc,Subgroup calibrator,Device-level,155,30,0.22671599727496083,-0.19066862430058878,0.39885963740845315,3.7731705544156946,2.974088451110757,4.773769764153644,4.938634951852707,3.953656177775751,6.134846820877356,-1.4351447997656792,-2.5759076910622154,-0.19430076958986772
Sn-only,Jsc,Subgroup calibrator,Publication-balanced,155,30,0.15872650630969531,-0.24821234144820348,0.36609054542325087,4.5298970086655155,3.314792419593314,5.874501941420115,6.041258769399115,4.549601556099039,7.383703716652912,-1.2573305982239131,-3.0508242552576257,0.6391230731229822
Sn-only,FF,Subgroup calibrator,Device-level,155,30,0.47560174756627993,0.09619206175053763,0.6246619580733039,7.489244589336346,6.35505886023602,8.880295424528486,9.338947350670495,7.683503095810721,11.197155995290299,-1.0600021693062738,-3.4515892422953995,1.5145200316004992
Sn-only,FF,Subgroup calibrator,Publication-balanced,155,30,0.42313978743861147,0.07720935514156727,0.5747599915793041,8.45794029503997,6.757376775251175,10.244017243732166,10.618092991566943,8.401831660232242,12.715226971744537,-1.783684750281715,-4.792436417147653,1.1235888865002153
Sn-only,PCE,Domain expert,Device-level,155,30,0.15354458833735218,-0.19664632550325922,0.30994337937595734,2.005853625382865,1.7640400097109332,2.2618592398470305,2.386145359034256,2.118677901691749,2.6909032674691375,-0.786780130193351,-1.5345160222573664,-0.018486916631532593
Sn-only,PCE,Domain expert,Publication-balanced,155,30,0.0610384143261441,-0.4244271579866596,0.2866237410557252,2.270851454897661,1.900248306181345,2.6568381275942117,2.712657099939164,2.2653228213805745,3.1531122380284815,-0.9867533780750364,-1.814999613278114,-0.25277660681344327
Sn-only,Voc,Domain expert,Device-level,155,30,-0.14539462179896123,-0.7212965777880697,0.048751715245384394,0.11653178012628422,0.10216187060196297,0.13705326817441513,0.14115489352913602,0.12097527050981606,0.16542783185621898,-0.05251032486828116,-0.09047582532592444,-0.010352241656390055
Sn-only,Voc,Domain expert,Publication-balanced,155,30,-0.16899466070876623,-0.91085625251686,0.11096065323334325,0.12844120199966685,0.10991536898867427,0.1494709200966203,0.15195150743673524,0.13077334771612623,0.17322883517896737,-0.06300409033338758,-0.10520221315294839,-0.022354212581681576
Sn-only,Jsc,Domain expert,Device-level,155,30,0.1676408851870208,-0.31898183051987844,0.34395091826101254,4.229224803644926,3.58464396610035,5.001032336099996,5.123807235129949,4.343008091683509,5.948527048832739,-1.5079731305247195,-2.796330735182036,-0.09991230512915265
Sn-only,Jsc,Domain expert,Publication-balanced,155,30,0.0852863704501351,-0.29095958157394497,0.2698318540435532,5.118956423065737,4.0027332262092985,6.395803087695751,6.299432270089109,4.993267061900379,7.612335138168235,-1.3852318747626702,-3.3010156715690377,0.5793024407303337
Sn-only,FF,Domain expert,Device-level,155,30,0.3743232925898303,0.0027429853254595815,0.49027490139609914,8.298820194133443,7.127997158140784,9.654366090767752,10.200989554959781,8.625939928517916,11.988632632651502,-1.0436947718534986,-4.295138573775896,2.433015519975037
Sn-only,FF,Domain expert,Publication-balanced,155,30,0.3207835140572123,0.04660869672975291,0.4327264406599003,9.376724688360492,7.6965271949384135,11.269545025124037,11.521667580811377,9.426931753804547,13.856804696663453,-1.560575650642409,-4.78564521232628,2.0889449237436013
Sn-only,PCE,Convex mixture,Device-level,155,30,0.29380586111378826,-0.02688773865331118,0.46109286270163163,1.810519661954377,1.5933538674664534,2.042336187870356,2.179500173327128,1.924062595882858,2.49331098000812,-0.7813377327699467,-1.386137306923638,-0.16179029074056725
Sn-only,PCE,Convex mixture,Publication-balanced,155,30,0.22970880497023916,-0.16384721068578406,0.4532132977568404,1.9847562468093884,1.597920499706684,2.3908900906970647,2.4569620783799393,1.9701312496802532,2.9089821529690476,-0.9973464311493707,-1.6603192665639805,-0.2918089546445184
Sn-only,Voc,Convex mixture,Device-level,155,30,-0.1853182172228578,-0.8249732146769081,0.1145990159070985,0.11433986924824842,0.09592794498796375,0.1385622660821639,0.14359385288523885,0.11649189962828214,0.17410629946829081,-0.05319440356750077,-0.0914054447897476,-0.013627143765455684
Sn-only,Voc,Convex mixture,Publication-balanced,155,30,-0.21371866421117325,-1.1098104456097702,0.1763019270012908,0.12467328623982485,0.10078585654638471,0.15007317963076644,0.15483094493561628,0.12390873080910833,0.18467808155167345,-0.06346771604714824,-0.10220078878773135,-0.021357041312651558
Sn-only,Jsc,Convex mixture,Device-level,155,30,0.22671599727496083,-0.18821689918470347,0.4022562395577667,3.7731705544156946,2.9574740154205417,4.793042754121413,4.938634951852707,3.9204846074267685,6.032021399878417,-1.4351447997656792,-2.578060766407439,-0.19212566654340013
Sn-only,Jsc,Convex mixture,Publication-balanced,155,30,0.15872650630969531,-0.22532451359141584,0.3714684063646304,4.5298970086655155,3.293715926240834,5.701291828570513,6.041258769399115,4.617291353622746,7.23687509274263,-1.2573305982239131,-2.930618339286588,0.631360712977613
Sn-only,FF,Convex mixture,Device-level,155,30,0.47560174756627993,0.120787911128886,0.6300255515276345,7.489244589336346,6.31354359830837,9.013595233643638,9.338947350670495,7.712472879377712,11.36812726208993,-1.0600021693062738,-3.5497934103473603,1.5129718018013363
Sn-only,FF,Convex mixture,Publication-balanced,155,30,0.42313978743861147,0.11966407534635506,0.56661807848109,8.45794029503997,6.81767698552466,10.170392870396455,10.618092991566943,8.417820243094035,12.753590549131523,-1.783684750281715,-5.058422417551605,1.3995361337542984
Sn-only,PCE,Development-selected policy,Device-level,155,30,0.29380586111378826,-0.02284196351307364,0.45982574026258033,1.810519661954377,1.5848908235328973,2.0582336778001453,2.179500173327128,1.9074746477711855,2.5065561804351915,-0.7813377327699467,-1.3898707062355897,-0.12563724698485598
Sn-only,PCE,Development-selected policy,Publication-balanced,155,30,0.22970880497023916,-0.12049021422887392,0.4557516499814581,1.9847562468093884,1.6059615936801783,2.394953746862827,2.4569620783799393,1.9636772142021133,2.9523774580392943,-0.9973464311493707,-1.6801553013403487,-0.3721182508895555
Sn-only,Voc,Development-selected policy,Device-level,155,30,-0.1853182172228578,-0.8064758251337779,0.09614302716697236,0.11433986924824842,0.09697849300722367,0.14151706929838614,0.14359385288523885,0.11676695672713792,0.1770366802009601,-0.05319440356750077,-0.09197150047709499,-0.011502127658545755
Sn-only,Voc,Development-selected policy,Publication-balanced,155,30,-0.21371866421117325,-1.106952009357745,0.17790179648381058,0.12467328623982485,0.10093974398768749,0.1502223419863049,0.15483094493561628,0.12387561279653073,0.18389853379944482,-0.06346771604714824,-0.10631639858154927,-0.020732973289266703
Sn-only,Jsc,Development-selected policy,Device-level,155,30,0.22671599727496083,-0.16144401121370291,0.3951609546619455,3.7731705544156946,2.9970525973530275,4.792217333836207,4.938634951852707,3.9993177627523067,6.0913056060139334,-1.4351447997656792,-2.561594796586778,-0.11810747876111778
Sn-only,Jsc,Development-selected policy,Publication-balanced,155,30,0.15872650630969531,-0.22961427461162986,0.3691757677917721,4.5298970086655155,3.379074280210044,5.819765409864619,6.041258769399115,4.667518986982216,7.294235237864379,-1.2573305982239131,-3.0292683232123316,0.5825498009858416
Sn-only,FF,Development-selected policy,Device-level,155,30,0.47560174756627993,0.07067434785245491,0.6301654462748972,7.489244589336346,6.43061911473248,8.96166544265173,9.338947350670495,7.827199398756048,11.283125497976874,-1.0600021693062738,-3.3571189807168387,1.5223967853509148
Sn-only,FF,Development-selected policy,Publication-balanced,155,30,0.42313978743861147,0.08456517835827632,0.5800400027984737,8.45794029503997,6.722440101999045,10.180818770861572,10.618092991566943,8.351959120569227,12.842995596766551,-1.783684750281715,-5.098598343341756,1.679130032881543
Mixed Pb-Sn,PCE,Frozen global,Device-level,98,25,-0.013036840511875258,-0.530439835425667,0.19150458980969334,3.7836488192112565,2.9240141150756833,4.822008462260848,4.674871030702866,3.525965658519321,5.871423560746232,-1.4478591667065148,-2.9819281522393424,-0.08416280927309419
Mixed Pb-Sn,PCE,Frozen global,Publication-balanced,98,25,-0.07542819340883433,-0.7146441594643096,0.20225554821371106,3.838381877222493,2.9700274537825493,4.729951968634236,4.633906634248185,3.597291962913269,5.553072680799238,-2.321479025078958,-3.4593557145077605,-1.0736570328909345
Mixed Pb-Sn,Voc,Frozen global,Device-level,98,25,-0.018954166852521714,-0.3824424812579385,0.21889104375467291,0.10650171365703459,0.07014344831462892,0.14925904309068252,0.153804114120431,0.10357747910841719,0.19853479811722188,0.041634678487141655,0.00035357947835984276,0.08550620358973351
Mixed Pb-Sn,Voc,Frozen global,Publication-balanced,98,25,0.00446583128171929,-0.6605662876449173,0.27370815327041537,0.10253927390310506,0.07200745612025211,0.1404368986489648,0.14596124073301223,0.10301481184545917,0.18421948484681708,0.030099723356338197,-0.01651870928739972,0.07959889838331363
Mixed Pb-Sn,Jsc,Frozen global,Device-level,98,25,-0.09069141315632656,-2.6037975050605344,0.1667995152686398,4.989899573985093,3.8671129587237973,6.4172491442047574,6.272316757486432,4.510996722774522,8.323365907765137,-2.8047886580132024,-4.723997762803269,-0.5278873934855437
Mixed Pb-Sn,Jsc,Frozen global,Publication-balanced,98,25,-0.44112101718404206,-3.2566402803027037,0.058880655544457074,4.962298045034232,3.9424509169860276,6.02247400843989,5.95001163766712,4.661653093681848,7.270450268141722,-3.817893080615322,-5.123650822122476,-2.411148252779518
Mixed Pb-Sn,FF,Frozen global,Device-level,98,25,-0.2083490494053819,-1.0459082966000406,0.14005795240624627,6.801173367062426,5.37062501130563,8.380746681050947,8.332525214035044,6.660413038831007,9.935582813820075,-3.7209236293454566,-6.133831221413569,-1.4728968069332733
Mixed Pb-Sn,FF,Frozen global,Publication-balanced,98,25,-0.48880954568986335,-1.580652774923668,0.09603595393425018,7.345665018311634,5.7863686410480515,8.9526484299767,8.863379746181293,7.051157267689065,10.467719276368417,-5.072892577502789,-7.390158711630845,-2.5703809226704917
Mixed Pb-Sn,PCE,Subgroup calibrator,Device-level,98,25,-0.013036840511875258,-0.5537202462187334,0.16889962384456753,3.7836488192112565,2.9062974194855524,4.809162518736519,4.674871030702866,3.5509588043566103,5.852780959322323,-1.4478591667065148,-2.9151411334219093,-0.06680453776121487
Mixed Pb-Sn,PCE,Subgroup calibrator,Publication-balanced,98,25,-0.07542819340883433,-0.8225411994330429,0.22362425196211483,3.838381877222493,3.0014228050316833,4.751433024818528,4.633906634248185,3.688796796384934,5.546222542119252,-2.321479025078958,-3.554889665426791,-0.9231554219223065
Mixed Pb-Sn,Voc,Subgroup calibrator,Device-level,98,25,-0.018954166852521714,-0.3814987695091513,0.21423061336344748,0.10650171365703459,0.06823959671998898,0.1487747181805369,0.153804114120431,0.09885797855753575,0.19902933581251478,0.041634678487141655,-1.8956836576380482e-05,0.08328415482377631
Mixed Pb-Sn,Voc,Subgroup calibrator,Publication-balanced,98,25,0.00446583128171929,-0.7038084603606936,0.26529658198660666,0.10253927390310506,0.06768977729095398,0.13712329387519853,0.14596124073301223,0.09954444065047255,0.18515325700954183,0.030099723356338197,-0.017666147539214687,0.07775911704885331
Mixed Pb-Sn,Jsc,Subgroup calibrator,Device-level,98,25,-0.09069141315632656,-2.5897042790609,0.17156391571104468,4.989899573985093,3.8191913318963193,6.5111573260334135,6.272316757486432,4.449060866987244,8.453913391743042,-2.8047886580132024,-4.666136546579562,-0.7068474294770165
Mixed Pb-Sn,Jsc,Subgroup calibrator,Publication-balanced,98,25,-0.44112101718404206,-3.1748835324490887,0.05554791088248337,4.962298045034232,4.042568601733144,6.058142715817454,5.95001163766712,4.702859517366137,7.240966102025152,-3.817893080615322,-5.087104128886799,-2.4265530695973374
Mixed Pb-Sn,FF,Subgroup calibrator,Device-level,98,25,-0.2083490494053819,-1.0399693525661429,0.12157995220731092,6.801173367062426,5.4750342948891735,8.19831282980679,8.332525214035044,6.853554064053115,9.804298514201813,-3.7209236293454566,-6.030244149956769,-1.5989393743259688
Mixed Pb-Sn,FF,Subgroup calibrator,Publication-balanced,98,25,-0.48880954568986335,-1.6146581886107827,0.02922436067095118,7.345665018311634,5.914998691654851,8.987638234720848,8.863379746181293,7.208995576161606,10.526745379473798,-5.072892577502789,-7.278427186796461,-2.9872646464552512
Mixed Pb-Sn,PCE,Domain expert,Device-level,98,25,-0.22608334490236137,-1.1756476874237027,0.053980501178400066,4.2507742684330045,3.291221313870201,5.313083970625537,5.143005763071006,4.105684189095953,6.143296770523275,-2.207730512827554,-3.848104720198643,-0.6342473980465532
Mixed Pb-Sn,PCE,Domain expert,Publication-balanced,98,25,-0.5369461793306245,-1.9302094252748792,0.02153534908583884,4.537330434753139,3.373280380543634,5.703682634449565,5.539695584398501,4.166664541763841,6.6609426517038886,-3.186595899165788,-4.673907458148252,-1.644683265877573
Mixed Pb-Sn,Voc,Domain expert,Device-level,98,25,-0.060777064529777824,-0.2641796481340528,0.05430652047835106,0.10869361387412749,0.06789182934429444,0.15024603040797918,0.1569288124810532,0.091032376639173,0.20521686235681713,-0.004362822574877276,-0.05135125678578353,0.049649281733257895
Mixed Pb-Sn,Voc,Domain expert,Publication-balanced,98,25,-0.14035467482156117,-0.5383918598984537,0.06518179444448774,0.10668768686484292,0.07098590888637013,0.15013138436418758,0.15621741058735314,0.09768331153234712,0.21583922369693326,-0.027328562131363903,-0.0851998661215805,0.020392749181043498
Mixed Pb-Sn,Jsc,Domain expert,Device-level,98,25,0.00846645460940354,-2.3334321148340624,0.2259403296527563,4.770822169500967,3.5425588916724333,6.35745956151961,5.980407002810176,4.166087816425205,8.103193434318683,-2.746357408628724,-4.498978214132726,-0.8399735888818726
Mixed Pb-Sn,Jsc,Domain expert,Publication-balanced,98,25,-0.2840336419302043,-2.6994207934934673,0.13994224280092352,4.685109607851241,3.715588791067412,5.747375881824106,5.616371028825364,4.348043776103999,6.945090037294162,-3.627300003276921,-4.887505341124397,-2.2849239667246417
Mixed Pb-Sn,FF,Domain expert,Device-level,98,25,-0.4575480862030441,-1.4256487258944275,0.02919999609638695,7.499384249065134,5.828312798138282,9.201626267914842,9.151491483605124,7.202142464305785,10.997767684898596,-4.593360765509991,-7.033711016707858,-2.1147295621982156
Mixed Pb-Sn,FF,Domain expert,Publication-balanced,98,25,-1.0020774248213873,-2.91682423626898,-0.11603327717135796,8.27352070829019,6.2344592126379235,10.648298819763218,10.278274656993432,7.736016996776265,12.818679960491943,-6.14767352175692,-9.10885658609832,-3.518275988932545
Mixed Pb-Sn,PCE,Convex mixture,Device-level,98,25,-0.013036840511875258,-0.499362395374355,0.16816096945122905,3.7836488192112565,2.935367462696878,4.871129006351969,4.674871030702866,3.519143378284268,5.921139917903884,-1.4478591667065148,-2.86959946412638,-0.13728147550181627
Mixed Pb-Sn,PCE,Convex mixture,Publication-balanced,98,25,-0.07542819340883433,-0.7634848286530849,0.20092487235921191,3.838381877222493,2.996596571598871,4.783369959465599,4.633906634248185,3.698060331769896,5.580431951022364,-2.321479025078958,-3.4884839744335183,-1.1030633411190505
Mixed Pb-Sn,Voc,Convex mixture,Device-level,98,25,-0.018954166852521714,-0.3924414049658867,0.23307290899844268,0.10650171365703459,0.06540163169677765,0.14732399107508284,0.153804114120431,0.09797698120535756,0.19643705949450202,0.041634678487141655,-0.0008913029195447893,0.08572363630358382
Mixed Pb-Sn,Voc,Convex mixture,Publication-balanced,98,25,0.00446583128171929,-0.6435215202441817,0.2843746350004408,0.10253927390310506,0.06931378100650934,0.13915015587863935,0.14596124073301223,0.10101190656178859,0.18630460976393545,0.030099723356338197,-0.017449962676654305,0.07828620760385453
Mixed Pb-Sn,Jsc,Convex mixture,Device-level,98,25,-0.09069141315632656,-2.5239045775527993,0.16265795695625684,4.989899573985093,3.7643371989862167,6.596164374394984,6.272316757486432,4.438288537101523,8.54507842192082,-2.8047886580132024,-4.626957079761887,-0.41739444117622837
Mixed Pb-Sn,Jsc,Convex mixture,Publication-balanced,98,25,-0.44112101718404206,-3.0140082066595753,0.0506499372450062,4.962298045034232,3.8873814307109327,5.998062551690429,5.95001163766712,4.587624690989395,7.228282874914592,-3.817893080615322,-5.244403412923924,-2.3789551899246115
Mixed Pb-Sn,FF,Convex mixture,Device-level,98,25,-0.2083490494053819,-0.9313177699153052,0.11902512190155885,6.801173367062426,5.474654206324484,8.418740204842212,8.332525214035044,6.831222104437795,9.911158825204298,-3.7209236293454566,-5.934851680892027,-1.5060218477627378
Mixed Pb-Sn,FF,Convex mixture,Publication-balanced,98,25,-0.48880954568986335,-1.68619052862012,0.06339255441974768,7.345665018311634,5.751954306670338,9.039215125596005,8.863379746181293,7.031798985536936,10.583271422345609,-5.072892577502789,-7.4055518071041275,-2.716156324575701
Mixed Pb-Sn,PCE,Development-selected policy,Device-level,98,25,-0.013036840511875258,-0.5201520893262238,0.16072251160913784,3.7836488192112565,2.9396222884138665,4.807060881543815,4.674871030702866,3.5542322667529094,5.854884114104129,-1.4478591667065148,-2.927360196928656,-0.12955183253952463
Mixed Pb-Sn,PCE,Development-selected policy,Publication-balanced,98,25,-0.07542819340883433,-0.759325778419656,0.20382515395990294,3.838381877222493,3.0281673054650105,4.731895840819447,4.633906634248185,3.713772662977627,5.506057076901572,-2.321479025078958,-3.56768443286469,-1.0841162158721414
Mixed Pb-Sn,Voc,Development-selected policy,Device-level,98,25,-0.018954166852521714,-0.4159009118402737,0.2449642161519475,0.10650171365703459,0.06597237642349973,0.15068270607652284,0.153804114120431,0.09443118678530645,0.20185904015914527,0.041634678487141655,-0.0012292158109572357,0.08575648214628707
Mixed Pb-Sn,Voc,Development-selected policy,Publication-balanced,98,25,0.00446583128171929,-0.675687934109355,0.27839655512494993,0.10253927390310506,0.06899409227821446,0.1403160020407056,0.14596124073301223,0.09877264143272838,0.18691064601045362,0.030099723356338197,-0.018260386094599484,0.07762384649259933
Mixed Pb-Sn,Jsc,Development-selected policy,Device-level,98,25,-0.09069141315632656,-2.5781169989967956,0.1662840792237802,4.989899573985093,3.8674099049154216,6.5113008318772385,6.272316757486432,4.484614773023871,8.472012004252397,-2.8047886580132024,-4.656829905294669,-0.7070766665610836
Mixed Pb-Sn,Jsc,Development-selected policy,Publication-balanced,98,25,-0.44112101718404206,-3.1164145151495837,0.05378582271823329,4.962298045034232,3.965488893427769,6.041266213000758,5.95001163766712,4.69763912008682,7.2509280094393125,-3.817893080615322,-5.238651202190354,-2.425758388425945
Mixed Pb-Sn,FF,Development-selected policy,Device-level,98,25,-0.2083490494053819,-1.0860499915351922,0.1359013878096008,6.801173367062426,5.3746914454492805,8.447482901771615,8.332525214035044,6.619593019629951,10.066420735371617,-3.7209236293454566,-6.037493542607913,-1.5345956018085798
Mixed Pb-Sn,FF,Development-selected policy,Publication-balanced,98,25,-0.48880954568986335,-1.6911602621644,0.07982130068246363,7.345665018311634,5.780217611396444,8.891040260103855,8.863379746181293,7.086980985036085,10.384329745591979,-5.072892577502789,-7.4034056492292954,-2.846327516379574
