context,condition,candidate,iterations,encoded_features,train_records,test_records,train_DOI,test_DOI,recency_lambda,weight_min,weight_max,weight_effective_N,DOI_total_weight_CV,fit_seconds
outer_grouped_fold_1,CatBoost | Full DOI,depth6_lr0.10_l2-20,449,1059,26566,6609,5094,1274,0.0,0.04382483264212634,5.215155084413035,14798.135604885634,1.4918884579222993e-16,7.497974080997665
outer_grouped_fold_2,CatBoost | Full DOI,depth6_lr0.10_l2-20,445,1062,26370,6805,5094,1274,0.0,0.04350149953974523,5.176678445229682,14756.640751435822,1.2720335704227823e-17,8.154392934000498
outer_grouped_fold_3,CatBoost | Full DOI,depth8_lr0.04_l2-10,699,1069,26543,6632,5094,1274,0.0,0.04378689049235713,5.210639968590498,14826.847525339765,1.6821483486032628e-16,35.51714248799908
outer_grouped_fold_4,CatBoost | Full DOI,depth8_lr0.04_l2-10,700,1060,26615,6560,5095,1273,0.0,0.04389704851518625,5.223748773307165,14805.35430785869,1.389762587195374e-16,36.82277381899985
outer_grouped_fold_5,CatBoost | Full DOI,depth8_lr0.04_l2-10,686,1059,26606,6569,5095,1273,0.0,0.054395649329407915,5.22198233562316,14952.337226886497,6.975625155954889e-17,35.64965672099788
chronological_train_through_2018,CatBoost | Full DOI,depth6_lr0.10_l2-20,446,960,24059,9116,4633,1735,0.0,0.04363834892903848,5.19296352255558,13403.017473636039,9.498825493209171e-17,7.092676164000295
rolling_2016,Random Forest rolling selection,frozen RF config,120,384,4548,4971,939,974,0.0,0.09884592814761686,4.843450479233227,2514.576996665261,,1.4135989860005793
rolling_2016,CatBoost rolling selection,depth6_lr0.05_l2-10,347,384,4548,4971,939,974,0.0,0.09884592814761686,4.843450479233227,2514.576996665261,4.596619580727478e-17,2.3128445289985393
rolling_2016,Random Forest rolling selection,frozen RF config,120,384,4548,4971,939,974,0.025,0.09738657853285052,4.892744643787699,2514.6032657545156,,1.4360416060007992
rolling_2016,CatBoost rolling selection,depth6_lr0.05_l2-10,347,384,4548,4971,939,974,0.025,0.09738657853285052,4.892744643787699,2514.6032657545156,0.015602580164567548,2.2998131419990386
rolling_2016,Random Forest rolling selection,frozen RF config,120,384,4548,4971,939,974,0.05,0.0959254224499743,4.94133757743657,2513.3065934104943,,1.475613089001854
rolling_2016,CatBoost rolling selection,depth6_lr0.05_l2-10,347,384,4548,4971,939,974,0.05,0.0959254224499743,4.94133757743657,2513.3065934104943,0.030751200800706667,2.33350670100117
rolling_2016,Random Forest rolling selection,frozen RF config,120,384,4548,4971,939,974,0.1,0.09300325886672298,5.036440352302405,2507.2225817780254,,1.3930084540006646
rolling_2016,CatBoost rolling selection,depth6_lr0.05_l2-10,347,384,4548,4971,939,974,0.1,0.09300325886672298,5.036440352302405,2507.2225817780254,0.05983247151773747,2.2748191989994666
rolling_2016,Random Forest rolling selection,frozen RF config,120,384,4548,4971,939,974,0.15,0.09008971105225547,5.128796249682347,2497.1621140986936,,1.344209729002614
rolling_2016,CatBoost rolling selection,depth6_lr0.05_l2-10,347,384,4548,4971,939,974,0.15,0.09008971105225547,5.128796249682347,2497.1621140986936,0.08748302939656927,2.266502741000295
rolling_2016,Random Forest rolling selection,frozen RF config,120,384,4548,4971,939,974,0.2,0.08719379583741768,5.218438393783558,2483.813425623768,,1.4049926029983908
rolling_2016,CatBoost rolling selection,depth6_lr0.05_l2-10,347,384,4548,4971,939,974,0.2,0.08719379583741768,5.218438393783558,2483.813425623768,0.1138765170407279,2.413946483997279
rolling_2016,Random Forest rolling selection,frozen RF config,120,384,4548,4971,939,974,0.3,0.08148552747487169,5.3897038906446655,2449.49486909311,,1.4813877390006382
rolling_2016,CatBoost rolling selection,depth6_lr0.05_l2-10,347,384,4548,4971,939,974,0.3,0.08148552747487169,5.3897038906446655,2449.49486909311,0.16337410307538258,2.163539036999282
rolling_2017,Random Forest rolling selection,frozen RF config,120,557,9519,6388,1913,1220,0.0,0.051832854155776265,4.975953998954521,5219.805065832937,,4.476047062002181
rolling_2017,CatBoost rolling selection,depth8_lr0.04_l2-10,530,557,9519,6388,1913,1220,0.0,0.051832854155776265,4.975953998954521,5219.805065832937,6.491224590426159e-17,13.718293707999692
rolling_2017,Random Forest rolling selection,frozen RF config,120,557,9519,6388,1913,1220,0.025,0.052726161409289554,5.061711495291798,5221.626758225517,,4.324235244002921
rolling_2017,CatBoost rolling selection,depth8_lr0.04_l2-10,530,557,9519,6388,1913,1220,0.025,0.052726161409289554,5.061711495291798,5221.626758225517,0.02057557504517826,14.20862040299835
rolling_2017,Random Forest rolling selection,frozen RF config,120,557,9519,6388,1913,1220,0.05,0.05361216732107817,5.146768062823504,5218.973509573212,,4.502045350996923
rolling_2017,CatBoost rolling selection,depth8_lr0.04_l2-10,530,557,9519,6388,1913,1220,0.05,0.05361216732107817,5.146768062823504,5218.973509573212,0.04066975335126059,13.84931072100153
rolling_2017,Random Forest rolling selection,frozen RF config,120,557,9519,6388,1913,1220,0.1,0.055360991898207916,5.31465522222796,5201.595704805671,,4.316169405003166
rolling_2017,CatBoost rolling selection,depth8_lr0.04_l2-10,530,557,9519,6388,1913,1220,0.1,0.055360991898207916,5.31465522222796,5201.595704805671,0.07952189604100214,13.886157163000462
rolling_2017,Random Forest rolling selection,frozen RF config,120,557,9519,6388,1913,1220,0.15,0.05707690280689321,5.4793826694617485,5170.2199358193775,,4.371521478999057
rolling_2017,CatBoost rolling selection,depth8_lr0.04_l2-10,530,557,9519,6388,1913,1220,0.15,0.05707690280689321,5.4793826694617485,5170.2199358193775,0.11673428889903277,14.618543391999992
rolling_2017,Random Forest rolling selection,frozen RF config,120,557,9519,6388,1913,1220,0.2,0.05875771346289341,5.640740492437767,5127.167057358816,,4.523563434999232
rolling_2017,CatBoost rolling selection,depth8_lr0.04_l2-10,530,557,9519,6388,1913,1220,0.2,0.05875771346289341,5.640740492437767,5127.167057358816,0.15243865757063962,14.037287326998921
rolling_2017,Random Forest rolling selection,frozen RF config,120,557,9519,6388,1913,1220,0.3,0.062006547219956194,5.952628533115795,5014.270941188006,,4.403026562999003
rolling_2017,CatBoost rolling selection,depth8_lr0.04_l2-10,530,557,9519,6388,1913,1220,0.3,0.062006547219956194,5.952628533115795,5014.270941188006,0.2197067747500122,13.856897957997717
rolling_2018,Random Forest rolling selection,frozen RF config,120,743,15907,8152,3133,1500,0.0,0.04266590134298213,5.077242259814874,8792.590250151057,,10.182685756000865
rolling_2018,CatBoost rolling selection,depth8_lr0.04_l2-10,697,743,15907,8152,3133,1500,0.0,0.04266590134298213,5.077242259814874,8792.590250151057,8.839691866517125e-18,23.704394615000638
rolling_2018,Random Forest rolling selection,frozen RF config,120,743,15907,8152,3133,1500,0.025,0.04376731651227282,5.208310664960466,8803.743295917422,,10.842135167000379
rolling_2018,CatBoost rolling selection,depth8_lr0.04_l2-10,697,743,15907,8152,3133,1500,0.025,0.04376731651227282,5.208310664960466,8803.743295917422,0.02598179530844551,24.33640278099847
rolling_2018,Random Forest rolling selection,frozen RF config,120,743,15907,8152,3133,1500,0.05,0.0448668770323921,5.33915836685466,8802.980806011672,,10.725848679998307
rolling_2018,CatBoost rolling selection,depth8_lr0.04_l2-10,697,743,15907,8152,3133,1500,0.05,0.0448668770323921,5.33915836685466,8802.980806011672,0.05139756636284844,23.986161079999874
rolling_2018,Random Forest rolling selection,frozen RF config,120,743,15907,8152,3133,1500,0.1,0.04705708174336595,5.599792727460549,8768.979620293576,,10.64635227799954
rolling_2018,CatBoost rolling selection,depth8_lr0.04_l2-10,697,743,15907,8152,3133,1500,0.1,0.04705708174336595,5.599792727460549,8768.979620293576,0.1006296301834252,23.5336990470023
rolling_2018,Random Forest rolling selection,frozen RF config,120,743,15907,8152,3133,1500,0.15,0.04923008149711111,5.858379698156222,8697.173743716658,,9.969284560000233
rolling_2018,CatBoost rolling selection,depth8_lr0.04_l2-10,697,743,15907,8152,3133,1500,0.15,0.04923008149711111,5.858379698156222,8697.173743716658,0.14786225080384857,23.44965157900151
rolling_2018,Random Forest rolling selection,frozen RF config,120,743,15907,8152,3133,1500,0.2,0.05137991345880189,6.114209701597425,8594.06039154134,,10.469738552998024
rolling_2018,CatBoost rolling selection,depth8_lr0.04_l2-10,697,743,15907,8152,3133,1500,0.2,0.05137991345880189,6.114209701597425,8594.06039154134,0.1932241875989367,23.826961932001723
rolling_2018,Random Forest rolling selection,frozen RF config,120,743,15907,8152,3133,1500,0.3,0.051047536679662546,6.61506883124175,8318.177466855132,,10.41961615800028
rolling_2018,CatBoost rolling selection,depth8_lr0.04_l2-10,697,743,15907,8152,3133,1500,0.3,0.051047536679662546,6.61506883124175,8318.177466855132,0.2787359243970986,24.13288484899749
chronological_final,Random Forest | Full DOI + recency,frozen RF config,120,960,24059,9116,4633,1735,0.0,0.04363834892903848,5.19296352255558,13403.017473636039,,21.230287514998054
chronological_final,CatBoost | Full DOI + recency,depth6_lr0.10_l2-20,446,960,24059,9116,4633,1735,0.025,0.04402673089739133,5.371811474666291,13435.645231193892,0.03177200528697882,7.354861167001218
