scheme,reference_condition,candidate_condition,target,evaluation_lens,records,DOI_groups,reference_R2,candidate_R2,delta_R2_candidate_minus_reference,reference_MAE,candidate_MAE,MAE_change_percent_candidate_vs_reference,reference_RMSE,candidate_RMSE,RMSE_change_percent_candidate_vs_reference,reference_R2_CI_low,reference_R2_CI_high,candidate_R2_CI_low,candidate_R2_CI_high,delta_R2_candidate_minus_reference_CI_low,delta_R2_candidate_minus_reference_CI_high,reference_MAE_CI_low,reference_MAE_CI_high,candidate_MAE_CI_low,candidate_MAE_CI_high,MAE_change_percent_candidate_vs_reference_CI_low,MAE_change_percent_candidate_vs_reference_CI_high,reference_RMSE_CI_low,reference_RMSE_CI_high,candidate_RMSE_CI_low,candidate_RMSE_CI_high,RMSE_change_percent_candidate_vs_reference_CI_low,RMSE_change_percent_candidate_vs_reference_CI_high
DOI-grouped 5-fold,Random Forest | Full DOI,CatBoost | Full DOI,PCE,Device-level,33175,6368,0.441069133656941,0.45107103236284884,0.010001898705907841,2.950031188931207,2.938920701394512,-0.37662271430833894,3.871519106600232,3.836722905630149,-0.8987738407583157,0.41891173667699516,0.46218179888925154,0.4314274876226856,0.4711520320094089,0.0007642086833083845,0.019847016848466927,2.892424836194569,3.006420361382547,2.882150220847452,2.9898949044969725,-1.4203486925424735,0.6036009337925329,3.7958438889451904,3.9443211885963962,3.7657791529568616,3.904092820885879,-1.7594465404556952,-0.07130246463315391
DOI-grouped 5-fold,Random Forest | Full DOI,CatBoost | Full DOI,PCE,Publication-balanced,33175,6368,0.46554557641316585,0.4731599142172491,0.007614337804083271,2.8983103253447084,2.905867826441193,0.26075541429766425,3.780585426720017,3.753557937933012,-0.714902210540802,0.44741935212762285,0.4830430939821325,0.4561788338566323,0.4875605452074726,-0.0005385869756227512,0.015070482073990405,2.854290275682764,2.9468966832455297,2.864089289768825,2.952862647658058,-0.5727997081694743,1.0694884515666714,3.724834918572239,3.8420243316281217,3.7018110252411476,3.8150270746739987,-1.3944681711949225,0.05204296435927785
DOI-grouped 5-fold,Random Forest | Full DOI,CatBoost | Full DOI,Voc,Device-level,33175,6368,0.48913356357206506,0.5007306789398582,0.011597115367793176,0.08009946161406055,0.07943106486135938,-0.8344584835309754,0.12206240349419528,0.1206689884506786,-1.1415595659501787,0.455817432973031,0.5182558472477384,0.47050792571237976,0.5289215657413672,0.001778412451963843,0.021332454346440557,0.07808928734580085,0.082122110639699,0.07749034818007107,0.08141155687347702,-1.8786589365427457,0.26022059543704207,0.11777702883306382,0.12594546511379406,0.11656773914294372,0.12437109287256669,-2.078792779576493,-0.17635265304376443
DOI-grouped 5-fold,Random Forest | Full DOI,CatBoost | Full DOI,Voc,Publication-balanced,33175,6368,0.5031313854796151,0.5133270973545991,0.010195711874984026,0.08094034790267789,0.08064948843842044,-0.3593504003802539,0.12137633419856435,0.12012456207408212,-1.0313148215816192,0.47697638013328325,0.528745165725146,0.48808354060240344,0.5376381741277663,0.0016696319623046298,0.01976401577178252,0.07916619974975049,0.08273983055355848,0.07887643109009876,0.08241531120506243,-1.216863967811297,0.5698089042551191,0.1181274583079808,0.12482252039962353,0.11667339583668085,0.12353943408620358,-1.975134069137219,-0.17000152598673807
DOI-grouped 5-fold,Random Forest | Full DOI,CatBoost | Full DOI,Jsc,Device-level,33175,6368,0.4430478356591563,0.44978461637561573,0.006736780716459445,2.7491229888714908,2.7261386727165857,-0.8360599452242101,3.983261419686796,3.9590977655250574,-0.6066298848052654,0.4137847488866273,0.47051425881739245,0.42282572125493717,0.4757540236553685,-0.0030479456901247115,0.015961428138680067,2.6882332093311834,2.819387810763362,2.664875398922023,2.7931210775643334,-1.8958266807721917,0.22942646321324864,3.883165180949908,4.098265294077886,3.860531330123142,4.069853556425052,-1.435073006334967,0.2785155072696478
DOI-grouped 5-fold,Random Forest | Full DOI,CatBoost | Full DOI,Jsc,Publication-balanced,33175,6368,0.46396444923353497,0.470365478655533,0.00640102942199805,2.7237552556331988,2.716818496008684,-0.25467631903300925,3.9037887290121214,3.8804103223680984,-0.5988645458776976,0.44052111740285066,0.487518374344076,0.4485282112324672,0.4932507977453988,-0.0016412179551159422,0.014425708155850316,2.673823423469319,2.7771386366282726,2.663187702969648,2.769384203926386,-1.1364607873108294,0.6040154596542567,3.8177368932392226,3.9940015289514723,3.7916145475832295,3.966868422482671,-1.3463141456753285,0.15711851081518846
DOI-grouped 5-fold,Random Forest | Full DOI,CatBoost | Full DOI,FF,Device-level,33175,6368,0.21285387218304386,0.22574441885231566,0.012890546669271807,7.838299391765822,7.795214392752359,-0.5496727907423837,10.789653747744566,10.700941713342838,-0.8221953778662527,0.18868980827923612,0.23395219758247196,0.20330806263629989,0.24429518078268153,0.0019814147978590713,0.02303936097759692,7.683168254538749,8.015514988341144,7.643862944385011,7.961053158610179,-1.409091917732044,0.3428676317557493,10.55137129988423,11.070360305103499,10.464661184945916,10.968620846757396,-1.4688494073658802,-0.126705402791143
DOI-grouped 5-fold,Random Forest | Full DOI,CatBoost | Full DOI,FF,Publication-balanced,33175,6368,0.2361386725151583,0.2545437579389219,0.018405085423763623,7.747506154303877,7.686713647777772,-0.7846719359149379,10.50110191055694,10.373819553122146,-1.2120857269924623,0.21633807824977136,0.25579214371326653,0.23660110786543634,0.2719069868621486,0.008707412217080457,0.02872389613453037,7.620760280412797,7.8736627053188535,7.563001877540545,7.815084699824937,-1.5973644397626856,-0.01684049848702244,10.315127354169245,10.697264543756605,10.188860406912047,10.56031443637992,-1.8619182137555448,-0.5738011296321248
Chronological >2018,Random Forest | Full DOI,CatBoost | Full DOI,PCE,Device-level,9116,1735,0.40439775380689313,0.44521061661837125,0.04081286281147811,3.1541720274669647,3.023928589163111,-4.129243337702448,4.038182859207982,3.8973722483443125,-3.4869795591992325,0.3469550095056403,0.4545222719167151,0.3947617985156906,0.4914259943311094,0.02328280114974219,0.061176388743792345,3.0382212842678804,3.2745850678668322,2.9227922651246,3.1280924233426592,-5.905473631899319,-2.169878839033819,3.8908773949250817,4.188069803672297,3.7628592128814016,4.030846666167812,-5.080766165559096,-2.0078477158329893
Chronological >2018,Random Forest | Full DOI,CatBoost | Full DOI,PCE,Publication-balanced,9116,1735,0.40449741961460384,0.4429190021708077,0.03842158255620387,3.1562973080879466,3.0247384261966004,-4.168139723537112,4.009157841634404,3.8776669352253297,-3.2797637709237604,0.36252226999738646,0.4402429495415341,0.4048370327153057,0.47722026207361395,0.022729396668807633,0.05586460932377615,3.070893711584744,3.2411364739291906,2.9421748092467803,3.109919714468741,-5.68299540776632,-2.6095369603852645,3.9045080908570724,4.1138813120649305,3.7663935672098954,3.996783643382664,-4.685802650841786,-1.9243666494375398
Chronological >2018,Random Forest | Full DOI,CatBoost | Full DOI,Voc,Device-level,9116,1735,0.4685586272649903,0.5072804533080428,0.03872182604305252,0.08403393701194543,0.07976340235015154,-5.081916679908538,0.12065195092729936,0.11617336363915169,-3.7119891172305297,0.39575522876694447,0.528010869281533,0.44506266727712607,0.5636994377823471,0.016949854277656808,0.06522298640219455,0.08016523033074094,0.0880128736323828,0.07633722285424178,0.08329484007356897,-7.544647518058132,-2.70036045007921,0.11428875215384784,0.12721931690122215,0.11010033901985401,0.12245186229828933,-5.902427208938772,-1.6961259680282432
Chronological >2018,Random Forest | Full DOI,CatBoost | Full DOI,Voc,Publication-balanced,9116,1735,0.4877471276449501,0.5115736426505177,0.02382651500556765,0.08370875559924769,0.08031190113754318,-4.057944043472361,0.1179451920320773,0.11516952793245527,-2.353350782511876,0.42786867798764405,0.5405066939086217,0.45363929196420866,0.5611568087731998,0.0034419074908019127,0.04377549016319646,0.08077408715066439,0.08729136531867329,0.07729230685374289,0.0836990114929253,-5.7721599697494606,-2.2359370437312878,0.1128205376471768,0.12383475344166896,0.10984730910779625,0.12119351510716668,-4.280864532930008,-0.36347121129481114
Chronological >2018,Random Forest | Full DOI,CatBoost | Full DOI,Jsc,Device-level,9116,1735,0.5098637117319664,0.538598872027417,0.028735160295450535,2.6574708520031525,2.5538219339072863,-3.90028428788739,3.712488547892122,3.6020191697363613,-2.975615324617853,0.4412204047776737,0.5633921751066069,0.47950874836677204,0.5867177480779704,0.01123442281899556,0.04749618980897073,2.55020356613958,2.7793569268748337,2.4512822476738276,2.6674035661514672,-6.010926463563998,-1.784087842681391,3.5323572741155402,3.9076075945304236,3.4235103174832178,3.791276757584793,-4.834932603474582,-1.1722371038988046
Chronological >2018,Random Forest | Full DOI,CatBoost | Full DOI,Jsc,Publication-balanced,9116,1735,0.4995337776668398,0.5273002736555501,0.027766495988710282,2.676871855645823,2.5842628110539567,-3.459599472292385,3.6948132612548936,3.5908542973285154,-2.8136459565231142,0.4460572574584891,0.5469429272586094,0.4757102717615193,0.5691656527726879,0.010345777539869863,0.04619593958164443,2.577766379971497,2.778789124624512,2.4932033175868824,2.687037991366736,-5.239431008968408,-1.5926889098510015,3.5367018244345196,3.851391835439651,3.443843782767175,3.755063478480093,-4.59992802538841,-1.0655219009684334
Chronological >2018,Random Forest | Full DOI,CatBoost | Full DOI,FF,Device-level,9116,1735,0.17735143613978022,0.21943398311984397,0.04208254698006375,7.748832059540273,7.408870946433606,-4.387256176085408,10.353597700730361,10.085302613952093,-2.5913223068281144,0.12643680371680613,0.22644065366930877,0.17341889824460624,0.2675113791018845,0.018218178252746693,0.06811180129418898,7.482506596556481,8.020097357999251,7.130761591940301,7.692610473420511,-6.269169427401271,-2.5971705953208315,9.935633636837837,10.748804904886523,9.650535741134167,10.486594647862962,-4.113476033433393,-1.1575013306698305
Chronological >2018,Random Forest | Full DOI,CatBoost | Full DOI,FF,Publication-balanced,9116,1735,0.1741975687182281,0.23143070330780324,0.05723313458957513,7.801343018130776,7.417917617906391,-4.914864009097952,10.310361849360524,9.946661633796952,-3.527521350631646,0.12650880122212432,0.21999342481735704,0.18942077264414772,0.2706977399842922,0.03409455242748213,0.08056435392659005,7.561774057168912,8.046520511495435,7.202327034632308,7.659710163449062,-6.429005483995801,-3.4514754745323084,9.968699355959956,10.646672777594127,9.60854704925111,10.311623383844417,-4.909177040292054,-2.1238056423137976
Chronological >2018,Random Forest | Full DOI,Random Forest | Full DOI + recency,PCE,Device-level,9116,1735,0.40439775380689313,0.40439775380689313,0.0,3.1541720274669647,3.154172027466965,2.220446049250313e-14,4.038182859207982,4.038182859207982,0.0,0.356911373324634,0.45767627417090334,0.35691137332463413,0.45767627417090345,-2.220446049250313e-16,2.220446049250313e-16,3.0420986493029654,3.26856918991306,3.0420986493029654,3.2685691899130593,-3.3306690738754696e-14,2.220446049250313e-14,3.890644503260934,4.1663034500459615,3.8906445032609334,4.1663034500459615,-2.220446049250313e-14,2.220446049250313e-14
Chronological >2018,Random Forest | Full DOI,Random Forest | Full DOI + recency,PCE,Publication-balanced,9116,1735,0.40449741961460384,0.40449741961460384,0.0,3.1562973080879466,3.1562973080879466,0.0,4.009157841634404,4.009157841634404,0.0,0.36463431210565084,0.44477561818699474,0.36463431210565095,0.4447756181869946,-2.220446049250313e-16,2.220446049250313e-16,3.0666755499947436,3.2511586886729127,3.0666755499947422,3.2511586886729127,-4.440892098500626e-14,2.220446049250313e-14,3.891899457743497,4.125407081579816,3.8918994577434964,4.125407081579816,-2.220446049250313e-14,2.220446049250313e-14
Chronological >2018,Random Forest | Full DOI,Random Forest | Full DOI + recency,Voc,Device-level,9116,1735,0.4685586272649903,0.4685586272649903,0.0,0.08403393701194543,0.08403393701194545,2.220446049250313e-14,0.12065195092729936,0.12065195092729936,0.0,0.40148504630853793,0.5306295325826429,0.40148504630853804,0.5306295325826431,-2.220446049250313e-16,2.220446049250313e-16,0.08002354667795111,0.087962440310794,0.08002354667795109,0.087962440310794,-3.358424649491097e-14,4.440892098500626e-14,0.11404319889650968,0.12705713583998615,0.1140431988965097,0.12705713583998612,-2.220446049250313e-14,2.220446049250313e-14
Chronological >2018,Random Forest | Full DOI,Random Forest | Full DOI + recency,Voc,Publication-balanced,9116,1735,0.4877471276449501,0.4877471276449502,1.1102230246251565e-16,0.08370875559924769,0.08370875559924772,2.220446049250313e-14,0.1179451920320773,0.1179451920320773,0.0,0.4289048971479003,0.5385751678107232,0.4289048971479002,0.5385751678107231,-2.220446049250313e-16,1.1102230246251565e-16,0.08042546120040245,0.08694361248579412,0.08042546120040248,0.08694361248579412,-4.440892098500626e-14,4.440892098500626e-14,0.11242780544101852,0.12347317671373023,0.11242780544101853,0.12347317671373023,-1.1102230246251565e-14,2.220446049250313e-14
Chronological >2018,Random Forest | Full DOI,Random Forest | Full DOI + recency,Jsc,Device-level,9116,1735,0.5098637117319664,0.5098637117319664,0.0,2.6574708520031525,2.6574708520031525,0.0,3.712488547892122,3.712488547892122,0.0,0.45114989336637285,0.56715331230738,0.4511498933663729,0.56715331230738,-1.1102230246251565e-16,2.220446049250313e-16,2.547884318048162,2.776092006705664,2.547884318048162,2.7760920067056643,-3.3306690738754696e-14,2.220446049250313e-14,3.538220669111651,3.9069586809129384,3.538220669111651,3.9069586809129384,-2.220446049250313e-14,2.220446049250313e-14
Chronological >2018,Random Forest | Full DOI,Random Forest | Full DOI + recency,Jsc,Publication-balanced,9116,1735,0.4995337776668398,0.4995337776668398,0.0,2.676871855645823,2.6768718556458233,2.220446049250313e-14,3.6948132612548936,3.6948132612548936,0.0,0.4501775015684142,0.5437370466545611,0.4501775015684142,0.5437370466545611,-1.1102230246251565e-16,2.220446049250313e-16,2.5848155725025337,2.777546007109741,2.584815572502534,2.7775460071097404,-4.440892098500626e-14,4.440892098500626e-14,3.542335319123156,3.8593341828787566,3.5423353191231564,3.859334182878756,-2.220446049250313e-14,2.220446049250313e-14
Chronological >2018,Random Forest | Full DOI,Random Forest | Full DOI + recency,FF,Device-level,9116,1735,0.17735143613978022,0.17735143613978033,1.1102230246251565e-16,7.748832059540273,7.748832059540273,0.0,10.353597700730361,10.35359770073036,-2.220446049250313e-14,0.13082221046632758,0.22809394586068785,0.13082221046632758,0.22809394586068785,-1.1102230246251565e-16,2.220446049250313e-16,7.4943176726560266,8.018237840261042,7.494317672656026,8.018237840261042,-2.220446049250313e-14,2.220446049250313e-14,9.966639689381251,10.737223439899669,9.966639689381251,10.737223439899669,-2.220446049250313e-14,2.220446049250313e-14
Chronological >2018,Random Forest | Full DOI,Random Forest | Full DOI + recency,FF,Publication-balanced,9116,1735,0.1741975687182281,0.1741975687182281,0.0,7.801343018130776,7.801343018130777,2.220446049250313e-14,10.310361849360524,10.310361849360524,0.0,0.12315024139641051,0.21787346349224143,0.12315024139641062,0.21787346349224154,-1.1102230246251565e-16,3.3306690738754696e-16,7.563109487899613,8.048706866145933,7.563109487899613,8.048706866145933,-2.220446049250313e-14,2.220446049250313e-14,9.968464679749102,10.683725766582535,9.968464679749102,10.683725766582535,-2.220446049250313e-14,0.0
Chronological >2018,CatBoost | Full DOI,CatBoost | Full DOI + recency,PCE,Device-level,9116,1735,0.44521061661837125,0.4445161175245901,-0.0006944990937811646,3.023928589163111,3.024127011291847,0.0065617332845491205,3.8973722483443125,3.8998108989567677,0.06257166257319646,0.39763546617123435,0.4949497468506448,0.3964597496337991,0.4931580013273245,-0.005082308207004835,0.003664069528276455,2.9169019548966233,3.127832996869212,2.918073663331986,3.1293700885131197,-0.44832545870277934,0.44686322171168186,3.7663412975051496,4.033628292172886,3.769405206367124,4.0380856568231955,-0.3321989746204654,0.4708894154085202
Chronological >2018,CatBoost | Full DOI,CatBoost | Full DOI + recency,PCE,Publication-balanced,9116,1735,0.4429190021708077,0.4434606658800827,0.0005416637092749976,3.0247384261966004,3.0189792521768704,-0.1904023822308476,3.8776669352253297,3.875781300750509,-0.04862806698768818,0.4011356963346468,0.4784382876069039,0.4018490853271434,0.4783468598446236,-0.003115860825305777,0.004318549995128817,2.939648102350145,3.1219141560452486,2.9317467072395123,3.1157072589575843,-0.6231752130581233,0.19763869414767368,3.7588900191643537,4.008882130668609,3.758513540497247,4.007863159859152,-0.39026793642470387,0.2808129792161317
Chronological >2018,CatBoost | Full DOI,CatBoost | Full DOI + recency,Voc,Device-level,9116,1735,0.5072804533080428,0.5050804798567792,-0.0021999734512636593,0.07976340235015154,0.08012408781944952,0.4521941876483693,0.11617336363915169,0.11643242953759282,0.22299939532250956,0.44242599961745677,0.5667944111067554,0.44001124738143566,0.5645004861912305,-0.007513804452142928,0.0032538755227686936,0.07621380835293684,0.0832182325111036,0.07662238201468637,0.0834246666786806,-0.17672190650691727,1.1150257353018511,0.10976517624879477,0.12223339855772204,0.11008961035660814,0.12247918934167366,-0.34296611727334114,0.7550203015851681
Chronological >2018,CatBoost | Full DOI,CatBoost | Full DOI + recency,Voc,Publication-balanced,9116,1735,0.5115736426505177,0.5114483439306678,-0.00012529871984989782,0.08031190113754318,0.0804271545163598,0.1435072226957379,0.11516952793245527,0.1151842995237373,0.012825954527384553,0.45705896714944083,0.5598275809631952,0.45805018004508813,0.559979961748065,-0.004996507174165413,0.005121026513685735,0.07738270158837432,0.08356410178250386,0.07755278509947058,0.08362116575913094,-0.4174045272947885,0.6594450560391152,0.110294605805756,0.12081666894606048,0.11027562935753281,0.12064487132680682,-0.5373407299517652,0.5284753859517792
Chronological >2018,CatBoost | Full DOI,CatBoost | Full DOI + recency,Jsc,Device-level,9116,1735,0.538598872027417,0.5423750708119934,0.0037761987845764677,2.5538219339072863,2.5429265651089867,-0.4266299327153944,3.6020191697363613,3.5872490659131717,-0.4100506723363928,0.4839751550984996,0.593514609519093,0.489858890819792,0.5949263614633549,-2.9023962585195125e-05,0.008210144790383374,2.4463943378595037,2.664315284534257,2.435805533956498,2.648780114061903,-1.0004601023477344,0.11066181534046479,3.4378992514630577,3.7684170844226665,3.424218428495521,3.7561219370503385,-0.8691665811564377,0.0029473091213372163
Chronological >2018,CatBoost | Full DOI,CatBoost | Full DOI + recency,Jsc,Publication-balanced,9116,1735,0.5273002736555501,0.5325898769443187,0.005289603288768596,2.5842628110539567,2.57413360856935,-0.3919571353687479,3.5908542973285154,3.570706590189983,-0.5610839502321663,0.4760144341538493,0.5727071239057823,0.4818094257224124,0.5780800260888341,0.001167759504744248,0.009432577488194179,2.4890578040418427,2.676428302333956,2.477547059303983,2.6626471807319376,-0.8825356140981396,0.1381843194059405,3.4269054528610696,3.7567643408029494,3.406912969220958,3.7364551989735166,-0.9984470586950913,-0.12318855028150001
Chronological >2018,CatBoost | Full DOI,CatBoost | Full DOI + recency,FF,Device-level,9116,1735,0.21943398311984397,0.21759666692071433,-0.001837316199129635,7.408870946433606,7.400153359309935,-0.11766417834376819,10.085302613952093,10.097165158725794,0.11762210047410182,0.1714146076777045,0.2637160531547115,0.17068535695746695,0.2606187223917781,-0.008226982572742614,0.003872106969379077,7.129418174578027,7.6917632104781815,7.1184265205263015,7.680704150709622,-0.5436597799840434,0.33948303112341705,9.680580681842786,10.508253039685465,9.686629185582376,10.5115910047526,-0.24439535054097267,0.5250489991933949
Chronological >2018,CatBoost | Full DOI,CatBoost | Full DOI + recency,FF,Publication-balanced,9116,1735,0.23143070330780324,0.22899720467573703,-0.002433498632066211,7.417917617906391,7.4140966925362655,-0.05150940691094341,9.946661633796952,9.96239610160042,0.158188429271644,0.19132176429485617,0.27100885919901624,0.18877192874310508,0.26735791111385004,-0.007672166190213001,0.0027883119807574556,7.18558039181392,7.654944774779353,7.186231279382633,7.659209045811093,-0.44818685701392663,0.34647395355029525,9.608674679684324,10.315256249112151,9.617157899314364,10.34059892884301,-0.17983753106871586,0.49979873224238286
Chronological >2018,Random Forest | Full DOI,CatBoost | Full DOI + recency,PCE,Device-level,9116,1735,0.40439775380689313,0.4445161175245901,0.04011836371769695,3.1541720274669647,3.024127011291847,-4.122952554352388,4.038182859207982,3.8998108989567677,-3.426589757709819,0.349905674778805,0.45222381081088403,0.3972481905417087,0.4889391676526428,0.018913159936548688,0.06295022345131236,3.034727157318855,3.2714623788439114,2.924927695030274,3.1328151059429348,-6.043131622190827,-2.0393266219028283,3.8844982494195492,4.181533898974146,3.769319694464556,4.038402253786259,-5.121942919328461,-1.6438562532626548
Chronological >2018,Random Forest | Full DOI,CatBoost | Full DOI + recency,PCE,Publication-balanced,9116,1735,0.40449741961460384,0.4434606658800827,0.03896324626547887,3.1562973080879466,3.0189792521768704,-4.350605868439628,4.009157841634404,3.875781300750509,-3.3267969521878937,0.3636758255683673,0.4464506128731558,0.4025603186037354,0.48404781130378033,0.021205751575933598,0.05731696000823227,3.0560702054812876,3.249672526562804,2.9244274498464082,3.1062269971119485,-5.874687690613297,-2.784742608685657,3.883992125395659,4.118879770286246,3.749124947737376,3.9927671796964326,-4.79871845345251,-1.810437916518066
Chronological >2018,Random Forest | Full DOI,CatBoost | Full DOI + recency,Voc,Device-level,9116,1735,0.4685586272649903,0.5050804798567792,0.03652185259178886,0.08403393701194543,0.08012408781944952,-4.652702624107841,0.12065195092729936,0.11643242953759282,-3.4972674351938737,0.4024555009447136,0.5317259956173064,0.44344962785657316,0.563412834851291,0.014692817421017587,0.059540145639026355,0.08022215437892348,0.08810947215066028,0.07661503368021877,0.08373774150879461,-6.953736818090428,-2.1982231867500936,0.11421979059312788,0.12709362728572693,0.11040116563388137,0.12245547488051313,-5.533469938608516,-1.4458894635509707
Chronological >2018,Random Forest | Full DOI,CatBoost | Full DOI + recency,Voc,Publication-balanced,9116,1735,0.4877471276449501,0.5114483439306678,0.023701216285717752,0.08370875559924769,0.0804271545163598,-3.920260263571973,0.1179451920320773,0.1151842995237373,-2.340826667685725,0.4302960105514955,0.5396644782131665,0.4556330735147049,0.5611063824581713,0.005247663623157015,0.04248576196256523,0.08043741598130832,0.08689853670695755,0.0772189469790267,0.0835061422304409,-5.876363842101339,-2.017755064345591,0.11282584187869947,0.12337734994578584,0.10959921325822186,0.12049304805055795,-4.2343009457159075,-0.5214590843857068
Chronological >2018,Random Forest | Full DOI,CatBoost | Full DOI + recency,Jsc,Device-level,9116,1735,0.5098637117319664,0.5423750708119934,0.032511359080027,2.6574708520031525,2.5429265651089867,-4.310274440369666,3.712488547892122,3.5872490659131717,-3.373464466309495,0.4438471684454779,0.5643692424874718,0.4832538854578051,0.5908498231650823,0.014720702870869976,0.05053136259330546,2.5362528199704912,2.7752191076725827,2.434996934110558,2.6422986666335166,-6.389421840738275,-2.1398564078502638,3.526692046132518,3.90023937046036,3.423205992258386,3.762611809961202,-5.1361130246711015,-1.5585130067928794
Chronological >2018,Random Forest | Full DOI,CatBoost | Full DOI + recency,Jsc,Publication-balanced,9116,1735,0.4995337776668398,0.5325898769443187,0.03305609927747888,2.676871855645823,2.57413360856935,-3.837996460674298,3.6948132612548936,3.570706590189983,-3.3589429908768786,0.44913947951025324,0.546618927313433,0.48262320025548455,0.5766720239633438,0.014396064374064797,0.050251945605711335,2.5817584004558323,2.774631334019881,2.485824063443911,2.6713760005147122,-5.4421291666502984,-2.0712096990897826,3.540360255112587,3.84952890187696,3.4157240729755625,3.730979511019563,-5.014102299081254,-1.4864735119141586
Chronological >2018,Random Forest | Full DOI,CatBoost | Full DOI + recency,FF,Device-level,9116,1735,0.17735143613978022,0.21759666692071433,0.040245230780934116,7.748832059540273,7.400153359309935,-4.499758125497754,10.353597700730361,10.097165158725794,-2.4767481740813446,0.12702057690608873,0.22628020470919907,0.17013448661531264,0.2644382114924741,0.017171162363288226,0.06687105711994207,7.485114788774673,8.020593259831182,7.12995211674487,7.679450837978771,-6.551001505347996,-2.7358952139518413,9.960462718518807,10.782463527057425,9.6752976722124,10.52517916391704,-4.030901780306181,-1.0753495136941476
Chronological >2018,Random Forest | Full DOI,CatBoost | Full DOI + recency,FF,Publication-balanced,9116,1735,0.1741975687182281,0.22899720467573703,0.05479963595750892,7.801343018130776,7.4140966925362655,-4.963841798707325,10.310361849360524,9.96239610160042,-3.37491305197678,0.1276412794718605,0.21615161121194254,0.18893593241428355,0.2660198903833565,0.031462031104238265,0.0792205281049002,7.553303665299581,8.030122851153239,7.173320125584628,7.641891098933075,-6.353828486602306,-3.409883374834045,9.946206892736928,10.666529511184917,9.600612027694154,10.329493334119272,-4.71833817717749,-1.9722560430501401
