stratum,domain,target,method,records,DOI_groups,R2,MAE,RMSE,bias,inferential_status
All,Sn-only,PCE,Frozen global,155,30,0.22970880497023916,1.9847562468093884,2.4569620783799393,-0.9973464311493707,supported
All,Sn-only,Voc,Frozen global,155,30,-0.21371866421117325,0.12467328623982485,0.15483094493561628,-0.06346771604714824,supported
All,Sn-only,Jsc,Frozen global,155,30,0.15872650630969531,4.5298970086655155,6.041258769399115,-1.2573305982239131,supported
All,Sn-only,FF,Frozen global,155,30,0.42313978743861147,8.45794029503997,10.618092991566943,-1.783684750281715,supported
All,Sn-only,PCE,Subgroup calibrator,155,30,0.22970880497023916,1.9847562468093884,2.4569620783799393,-0.9973464311493707,supported
All,Sn-only,Voc,Subgroup calibrator,155,30,-0.21371866421117325,0.12467328623982485,0.15483094493561628,-0.06346771604714824,supported
All,Sn-only,Jsc,Subgroup calibrator,155,30,0.15872650630969531,4.5298970086655155,6.041258769399115,-1.2573305982239131,supported
All,Sn-only,FF,Subgroup calibrator,155,30,0.42313978743861147,8.45794029503997,10.618092991566943,-1.783684750281715,supported
All,Sn-only,PCE,Domain expert,155,30,0.0610384143261441,2.270851454897661,2.712657099939164,-0.9867533780750364,supported
All,Sn-only,Voc,Domain expert,155,30,-0.16899466070876623,0.12844120199966685,0.15195150743673524,-0.06300409033338758,supported
All,Sn-only,Jsc,Domain expert,155,30,0.0852863704501351,5.118956423065737,6.299432270089109,-1.3852318747626702,supported
All,Sn-only,FF,Domain expert,155,30,0.3207835140572123,9.376724688360492,11.521667580811377,-1.560575650642409,supported
All,Sn-only,PCE,Convex mixture,155,30,0.22970880497023916,1.9847562468093884,2.4569620783799393,-0.9973464311493707,supported
All,Sn-only,Voc,Convex mixture,155,30,-0.21371866421117325,0.12467328623982485,0.15483094493561628,-0.06346771604714824,supported
All,Sn-only,Jsc,Convex mixture,155,30,0.15872650630969531,4.5298970086655155,6.041258769399115,-1.2573305982239131,supported
All,Sn-only,FF,Convex mixture,155,30,0.42313978743861147,8.45794029503997,10.618092991566943,-1.783684750281715,supported
All,Sn-only,PCE,Development-selected policy,155,30,0.22970880497023916,1.9847562468093884,2.4569620783799393,-0.9973464311493707,supported
All,Sn-only,Voc,Development-selected policy,155,30,-0.21371866421117325,0.12467328623982485,0.15483094493561628,-0.06346771604714824,supported
All,Sn-only,Jsc,Development-selected policy,155,30,0.15872650630969531,4.5298970086655155,6.041258769399115,-1.2573305982239131,supported
All,Sn-only,FF,Development-selected policy,155,30,0.42313978743861147,8.45794029503997,10.618092991566943,-1.783684750281715,supported
All,Mixed Pb-Sn,PCE,Frozen global,98,25,-0.07542819340883433,3.838381877222493,4.633906634248185,-2.321479025078958,supported
All,Mixed Pb-Sn,Voc,Frozen global,98,25,0.00446583128171929,0.10253927390310506,0.14596124073301223,0.030099723356338197,supported
All,Mixed Pb-Sn,Jsc,Frozen global,98,25,-0.44112101718404206,4.962298045034232,5.95001163766712,-3.817893080615322,supported
All,Mixed Pb-Sn,FF,Frozen global,98,25,-0.48880954568986335,7.345665018311634,8.863379746181293,-5.072892577502789,supported
All,Mixed Pb-Sn,PCE,Subgroup calibrator,98,25,-0.07542819340883433,3.838381877222493,4.633906634248185,-2.321479025078958,supported
All,Mixed Pb-Sn,Voc,Subgroup calibrator,98,25,0.00446583128171929,0.10253927390310506,0.14596124073301223,0.030099723356338197,supported
All,Mixed Pb-Sn,Jsc,Subgroup calibrator,98,25,-0.44112101718404206,4.962298045034232,5.95001163766712,-3.817893080615322,supported
All,Mixed Pb-Sn,FF,Subgroup calibrator,98,25,-0.48880954568986335,7.345665018311634,8.863379746181293,-5.072892577502789,supported
All,Mixed Pb-Sn,PCE,Domain expert,98,25,-0.5369461793306245,4.537330434753139,5.539695584398501,-3.186595899165788,supported
All,Mixed Pb-Sn,Voc,Domain expert,98,25,-0.14035467482156117,0.10668768686484292,0.15621741058735314,-0.027328562131363903,supported
All,Mixed Pb-Sn,Jsc,Domain expert,98,25,-0.2840336419302043,4.685109607851241,5.616371028825364,-3.627300003276921,supported
All,Mixed Pb-Sn,FF,Domain expert,98,25,-1.0020774248213873,8.27352070829019,10.278274656993432,-6.14767352175692,supported
All,Mixed Pb-Sn,PCE,Convex mixture,98,25,-0.07542819340883433,3.838381877222493,4.633906634248185,-2.321479025078958,supported
All,Mixed Pb-Sn,Voc,Convex mixture,98,25,0.00446583128171929,0.10253927390310506,0.14596124073301223,0.030099723356338197,supported
All,Mixed Pb-Sn,Jsc,Convex mixture,98,25,-0.44112101718404206,4.962298045034232,5.95001163766712,-3.817893080615322,supported
All,Mixed Pb-Sn,FF,Convex mixture,98,25,-0.48880954568986335,7.345665018311634,8.863379746181293,-5.072892577502789,supported
All,Mixed Pb-Sn,PCE,Development-selected policy,98,25,-0.07542819340883433,3.838381877222493,4.633906634248185,-2.321479025078958,supported
All,Mixed Pb-Sn,Voc,Development-selected policy,98,25,0.00446583128171929,0.10253927390310506,0.14596124073301223,0.030099723356338197,supported
All,Mixed Pb-Sn,Jsc,Development-selected policy,98,25,-0.44112101718404206,4.962298045034232,5.95001163766712,-3.817893080615322,supported
All,Mixed Pb-Sn,FF,Development-selected policy,98,25,-0.48880954568986335,7.345665018311634,8.863379746181293,-5.072892577502789,supported
Formula seen historically,Sn-only,PCE,Frozen global,116,23,0.17240628830655824,2.0210945586644162,2.410709888460199,-0.9146224958656901,supported
Formula seen historically,Sn-only,Voc,Frozen global,116,23,-0.18883011430650165,0.12292927871634352,0.15303101218034754,-0.046333158150262614,supported
Formula seen historically,Sn-only,Jsc,Frozen global,116,23,0.16461016977230247,4.169706064658579,5.364632307477888,-1.5390104432538079,supported
Formula seen historically,Sn-only,FF,Frozen global,116,23,0.4599958892652575,7.869368921153975,9.910851830457771,-1.101309593300077,supported
Formula seen historically,Sn-only,PCE,Subgroup calibrator,116,23,0.17240628830655824,2.0210945586644162,2.410709888460199,-0.9146224958656901,supported
Formula seen historically,Sn-only,Voc,Subgroup calibrator,116,23,-0.18883011430650165,0.12292927871634352,0.15303101218034754,-0.046333158150262614,supported
Formula seen historically,Sn-only,Jsc,Subgroup calibrator,116,23,0.16461016977230247,4.169706064658579,5.364632307477888,-1.5390104432538079,supported
Formula seen historically,Sn-only,FF,Subgroup calibrator,116,23,0.4599958892652575,7.869368921153975,9.910851830457771,-1.101309593300077,supported
Formula seen historically,Sn-only,PCE,Domain expert,116,23,-0.029556575275258457,2.3615916497103426,2.688818369865155,-0.9814896921068541,supported
Formula seen historically,Sn-only,Voc,Domain expert,116,23,-0.19496435884764263,0.1287795877694706,0.15342531655409358,-0.04608687761500353,supported
Formula seen historically,Sn-only,Jsc,Domain expert,116,23,-0.02123917201992498,4.893079094442586,5.931425789642085,-1.9112984259138341,supported
Formula seen historically,Sn-only,FF,Domain expert,116,23,0.3474659808246009,8.843516434759742,10.894668733397609,-1.2970166117473991,supported
Formula seen historically,Sn-only,PCE,Convex mixture,116,23,0.17240628830655824,2.0210945586644162,2.410709888460199,-0.9146224958656901,supported
Formula seen historically,Sn-only,Voc,Convex mixture,116,23,-0.18883011430650165,0.12292927871634352,0.15303101218034754,-0.046333158150262614,supported
Formula seen historically,Sn-only,Jsc,Convex mixture,116,23,0.16461016977230247,4.169706064658579,5.364632307477888,-1.5390104432538079,supported
Formula seen historically,Sn-only,FF,Convex mixture,116,23,0.4599958892652575,7.869368921153975,9.910851830457771,-1.101309593300077,supported
Formula seen historically,Sn-only,PCE,Development-selected policy,116,23,0.17240628830655824,2.0210945586644162,2.410709888460199,-0.9146224958656901,supported
Formula seen historically,Sn-only,Voc,Development-selected policy,116,23,-0.18883011430650165,0.12292927871634352,0.15303101218034754,-0.046333158150262614,supported
Formula seen historically,Sn-only,Jsc,Development-selected policy,116,23,0.16461016977230247,4.169706064658579,5.364632307477888,-1.5390104432538079,supported
Formula seen historically,Sn-only,FF,Development-selected policy,116,23,0.4599958892652575,7.869368921153975,9.910851830457771,-1.101309593300077,supported
Formula seen historically,Mixed Pb-Sn,PCE,Frozen global,64,17,0.07544394537394017,3.0604866845575853,3.749141973098408,-1.7854742303049536,descriptive only
Formula seen historically,Mixed Pb-Sn,Voc,Frozen global,64,17,-0.5376007011354322,0.09682387484863146,0.14112294017493665,0.05090704253247997,descriptive only
Formula seen historically,Mixed Pb-Sn,Jsc,Frozen global,64,17,-1.1892164553428763,4.5132268759846745,5.033219882589612,-3.993675641971051,descriptive only
Formula seen historically,Mixed Pb-Sn,FF,Frozen global,64,17,-0.2857940598462432,6.116854139924278,7.539093391232006,-3.6292401516762927,descriptive only
Formula seen historically,Mixed Pb-Sn,PCE,Subgroup calibrator,64,17,0.07544394537394017,3.0604866845575853,3.749141973098408,-1.7854742303049536,descriptive only
Formula seen historically,Mixed Pb-Sn,Voc,Subgroup calibrator,64,17,-0.5376007011354322,0.09682387484863146,0.14112294017493665,0.05090704253247997,descriptive only
Formula seen historically,Mixed Pb-Sn,Jsc,Subgroup calibrator,64,17,-1.1892164553428763,4.5132268759846745,5.033219882589612,-3.993675641971051,descriptive only
Formula seen historically,Mixed Pb-Sn,FF,Subgroup calibrator,64,17,-0.2857940598462432,6.116854139924278,7.539093391232006,-3.6292401516762927,descriptive only
Formula seen historically,Mixed Pb-Sn,PCE,Domain expert,64,17,-0.13829682051219305,3.3722391772851275,4.159997068217235,-2.0384824676360567,descriptive only
Formula seen historically,Mixed Pb-Sn,Voc,Domain expert,64,17,-0.0031479858320799803,0.07974154296352876,0.11398779025705198,0.019390568539645846,descriptive only
Formula seen historically,Mixed Pb-Sn,Jsc,Domain expert,64,17,-0.7165115951210392,4.015916089983335,4.456818234389462,-3.569589301842498,descriptive only
Formula seen historically,Mixed Pb-Sn,FF,Domain expert,64,17,-0.37113250609135484,6.369182301099837,7.785260145821253,-3.678395196724125,descriptive only
Formula seen historically,Mixed Pb-Sn,PCE,Convex mixture,64,17,0.07544394537394017,3.0604866845575853,3.749141973098408,-1.7854742303049536,descriptive only
Formula seen historically,Mixed Pb-Sn,Voc,Convex mixture,64,17,-0.5376007011354322,0.09682387484863146,0.14112294017493665,0.05090704253247997,descriptive only
Formula seen historically,Mixed Pb-Sn,Jsc,Convex mixture,64,17,-1.1892164553428763,4.5132268759846745,5.033219882589612,-3.993675641971051,descriptive only
Formula seen historically,Mixed Pb-Sn,FF,Convex mixture,64,17,-0.2857940598462432,6.116854139924278,7.539093391232006,-3.6292401516762927,descriptive only
Formula seen historically,Mixed Pb-Sn,PCE,Development-selected policy,64,17,0.07544394537394017,3.0604866845575853,3.749141973098408,-1.7854742303049536,descriptive only
Formula seen historically,Mixed Pb-Sn,Voc,Development-selected policy,64,17,-0.5376007011354322,0.09682387484863146,0.14112294017493665,0.05090704253247997,descriptive only
Formula seen historically,Mixed Pb-Sn,Jsc,Development-selected policy,64,17,-1.1892164553428763,4.5132268759846745,5.033219882589612,-3.993675641971051,descriptive only
Formula seen historically,Mixed Pb-Sn,FF,Development-selected policy,64,17,-0.2857940598462432,6.116854139924278,7.539093391232006,-3.6292401516762927,descriptive only
Formula unseen historically,Sn-only,PCE,Frozen global,39,11,0.2204538637566762,2.0523850348029207,2.703499288102796,-1.1341795564654022,descriptive only
Formula unseen historically,Sn-only,Voc,Frozen global,39,11,-0.2780021222315867,0.11627662840089963,0.14775197439636006,-0.07117704512748062,descriptive only
Formula unseen historically,Sn-only,Jsc,Frozen global,39,11,-0.06983334751793135,5.809891228773977,7.880938202865608,-1.1624155977920092,descriptive only
Formula unseen historically,Sn-only,FF,Frozen global,39,11,0.27093618909168715,9.748934061056497,11.57360243236878,-3.800265726430057,descriptive only
Formula unseen historically,Sn-only,PCE,Subgroup calibrator,39,11,0.2204538637566762,2.0523850348029207,2.703499288102796,-1.1341795564654022,descriptive only
Formula unseen historically,Sn-only,Voc,Subgroup calibrator,39,11,-0.2780021222315867,0.11627662840089963,0.14775197439636006,-0.07117704512748062,descriptive only
Formula unseen historically,Sn-only,Jsc,Subgroup calibrator,39,11,-0.06983334751793135,5.809891228773977,7.880938202865608,-1.1624155977920092,descriptive only
Formula unseen historically,Sn-only,FF,Subgroup calibrator,39,11,0.27093618909168715,9.748934061056497,11.57360243236878,-3.800265726430057,descriptive only
Formula unseen historically,Sn-only,PCE,Domain expert,39,11,0.06538779144287654,2.2789515302247434,2.9602001259897115,-1.1996678161640675,descriptive only
Formula unseen historically,Sn-only,Voc,Domain expert,39,11,-0.18685452247824852,0.12009098716400296,0.14238565913397785,-0.08797405264054982,descriptive only
Formula unseen historically,Sn-only,Jsc,Domain expert,39,11,0.01984334242094299,6.149786280295445,7.5434080971305875,-1.1429930158819266,descriptive only
Formula unseen historically,Sn-only,FF,Domain expert,39,11,0.20820525168706172,10.24461973471035,12.061243837071215,-3.287511893088278,descriptive only
Formula unseen historically,Sn-only,PCE,Convex mixture,39,11,0.2204538637566762,2.0523850348029207,2.703499288102796,-1.1341795564654022,descriptive only
Formula unseen historically,Sn-only,Voc,Convex mixture,39,11,-0.2780021222315867,0.11627662840089963,0.14775197439636006,-0.07117704512748062,descriptive only
Formula unseen historically,Sn-only,Jsc,Convex mixture,39,11,-0.06983334751793135,5.809891228773977,7.880938202865608,-1.1624155977920092,descriptive only
Formula unseen historically,Sn-only,FF,Convex mixture,39,11,0.27093618909168715,9.748934061056497,11.57360243236878,-3.800265726430057,descriptive only
Formula unseen historically,Sn-only,PCE,Development-selected policy,39,11,0.2204538637566762,2.0523850348029207,2.703499288102796,-1.1341795564654022,descriptive only
Formula unseen historically,Sn-only,Voc,Development-selected policy,39,11,-0.2780021222315867,0.11627662840089963,0.14775197439636006,-0.07117704512748062,descriptive only
Formula unseen historically,Sn-only,Jsc,Development-selected policy,39,11,-0.06983334751793135,5.809891228773977,7.880938202865608,-1.1624155977920092,descriptive only
Formula unseen historically,Sn-only,FF,Development-selected policy,39,11,0.27093618909168715,9.748934061056497,11.57360243236878,-3.800265726430057,descriptive only
Formula unseen historically,Mixed Pb-Sn,PCE,Frozen global,34,9,-0.24953494686180955,5.226513502003183,5.847963491279147,-3.42125132630389,descriptive only
Formula unseen historically,Mixed Pb-Sn,Voc,Frozen global,34,9,0.30412939617932344,0.10455401359067512,0.1470947457407153,-0.014964292897966877,descriptive only
Formula unseen historically,Mixed Pb-Sn,Jsc,Frozen global,34,9,-0.0817795336366931,5.645257832270859,7.202142342097985,-3.4477297064662857,descriptive only
Formula unseen historically,Mixed Pb-Sn,FF,Frozen global,34,9,-0.7798373009021835,9.275288011080274,10.60626832695541,-7.660857653301895,descriptive only
Formula unseen historically,Mixed Pb-Sn,PCE,Subgroup calibrator,34,9,-0.24953494686180955,5.226513502003183,5.847963491279147,-3.42125132630389,descriptive only
Formula unseen historically,Mixed Pb-Sn,Voc,Subgroup calibrator,34,9,0.30412939617932344,0.10455401359067512,0.1470947457407153,-0.014964292897966877,descriptive only
Formula unseen historically,Mixed Pb-Sn,Jsc,Subgroup calibrator,34,9,-0.0817795336366931,5.645257832270859,7.202142342097985,-3.4477297064662857,descriptive only
Formula unseen historically,Mixed Pb-Sn,FF,Subgroup calibrator,34,9,-0.7798373009021835,9.275288011080274,10.60626832695541,-7.660857653301895,descriptive only
Formula unseen historically,Mixed Pb-Sn,PCE,Domain expert,34,9,-0.9634278612891247,6.5926896112557065,7.3305730161954195,-5.359967463961312,descriptive only
Formula unseen historically,Mixed Pb-Sn,Voc,Domain expert,34,9,-0.393090071489564,0.14831135614873495,0.20812416722219765,-0.11026084925908063,descriptive only
Formula unseen historically,Mixed Pb-Sn,Jsc,Domain expert,34,9,-0.10026508709572135,5.970232533985576,7.263417136509517,-3.874934232211825,descriptive only
Formula unseen historically,Mixed Pb-Sn,FF,Domain expert,34,9,-1.8785673936736722,11.524690905858353,13.48840690438859,-10.702157695975608,descriptive only
Formula unseen historically,Mixed Pb-Sn,PCE,Convex mixture,34,9,-0.24953494686180955,5.226513502003183,5.847963491279147,-3.42125132630389,descriptive only
Formula unseen historically,Mixed Pb-Sn,Voc,Convex mixture,34,9,0.30412939617932344,0.10455401359067512,0.1470947457407153,-0.014964292897966877,descriptive only
Formula unseen historically,Mixed Pb-Sn,Jsc,Convex mixture,34,9,-0.0817795336366931,5.645257832270859,7.202142342097985,-3.4477297064662857,descriptive only
Formula unseen historically,Mixed Pb-Sn,FF,Convex mixture,34,9,-0.7798373009021835,9.275288011080274,10.60626832695541,-7.660857653301895,descriptive only
Formula unseen historically,Mixed Pb-Sn,PCE,Development-selected policy,34,9,-0.24953494686180955,5.226513502003183,5.847963491279147,-3.42125132630389,descriptive only
Formula unseen historically,Mixed Pb-Sn,Voc,Development-selected policy,34,9,0.30412939617932344,0.10455401359067512,0.1470947457407153,-0.014964292897966877,descriptive only
Formula unseen historically,Mixed Pb-Sn,Jsc,Development-selected policy,34,9,-0.0817795336366931,5.645257832270859,7.202142342097985,-3.4477297064662857,descriptive only
Formula unseen historically,Mixed Pb-Sn,FF,Development-selected policy,34,9,-0.7798373009021835,9.275288011080274,10.60626832695541,-7.660857653301895,descriptive only
Feature OOD <=95th percentile,Sn-only,PCE,Frozen global,76,13,0.1978076581748428,2.037543479264639,2.4151505116031977,-0.7286883039613007,descriptive only
Feature OOD <=95th percentile,Sn-only,Voc,Frozen global,76,13,-0.3665464702616863,0.1633829828170344,0.19659583131125855,-0.0495546812061083,descriptive only
Feature OOD <=95th percentile,Sn-only,Jsc,Frozen global,76,13,0.32357844102110356,3.6023279430593647,4.833409802007651,-0.14426013967305845,descriptive only
Feature OOD <=95th percentile,Sn-only,FF,Frozen global,76,13,0.5050524849656752,7.83929546712702,11.02491947232325,-0.15592356739495947,descriptive only
Feature OOD <=95th percentile,Sn-only,PCE,Subgroup calibrator,76,13,0.1978076581748428,2.037543479264639,2.4151505116031977,-0.7286883039613007,descriptive only
Feature OOD <=95th percentile,Sn-only,Voc,Subgroup calibrator,76,13,-0.3665464702616863,0.1633829828170344,0.19659583131125855,-0.0495546812061083,descriptive only
Feature OOD <=95th percentile,Sn-only,Jsc,Subgroup calibrator,76,13,0.32357844102110356,3.6023279430593647,4.833409802007651,-0.14426013967305845,descriptive only
Feature OOD <=95th percentile,Sn-only,FF,Subgroup calibrator,76,13,0.5050524849656752,7.83929546712702,11.02491947232325,-0.15592356739495947,descriptive only
Feature OOD <=95th percentile,Sn-only,PCE,Domain expert,76,13,-0.0377547620010692,2.394473482244845,2.7469598559951645,-0.6731971935155182,descriptive only
Feature OOD <=95th percentile,Sn-only,Voc,Domain expert,76,13,-0.26695484144507153,0.16138669627355925,0.18929653742542235,-0.04469190796428667,descriptive only
Feature OOD <=95th percentile,Sn-only,Jsc,Domain expert,76,13,0.1488277094844639,4.3844639754083214,5.421926630827911,-0.17880203429864888,descriptive only
Feature OOD <=95th percentile,Sn-only,FF,Domain expert,76,13,0.41657315047353194,8.816049383168455,11.96985963724263,-0.11130356140247982,descriptive only
Feature OOD <=95th percentile,Sn-only,PCE,Convex mixture,76,13,0.1978076581748428,2.037543479264639,2.4151505116031977,-0.7286883039613007,descriptive only
Feature OOD <=95th percentile,Sn-only,Voc,Convex mixture,76,13,-0.3665464702616863,0.1633829828170344,0.19659583131125855,-0.0495546812061083,descriptive only
Feature OOD <=95th percentile,Sn-only,Jsc,Convex mixture,76,13,0.32357844102110356,3.6023279430593647,4.833409802007651,-0.14426013967305845,descriptive only
Feature OOD <=95th percentile,Sn-only,FF,Convex mixture,76,13,0.5050524849656752,7.83929546712702,11.02491947232325,-0.15592356739495947,descriptive only
Feature OOD <=95th percentile,Sn-only,PCE,Development-selected policy,76,13,0.1978076581748428,2.037543479264639,2.4151505116031977,-0.7286883039613007,descriptive only
Feature OOD <=95th percentile,Sn-only,Voc,Development-selected policy,76,13,-0.3665464702616863,0.1633829828170344,0.19659583131125855,-0.0495546812061083,descriptive only
Feature OOD <=95th percentile,Sn-only,Jsc,Development-selected policy,76,13,0.32357844102110356,3.6023279430593647,4.833409802007651,-0.14426013967305845,descriptive only
Feature OOD <=95th percentile,Sn-only,FF,Development-selected policy,76,13,0.5050524849656752,7.83929546712702,11.02491947232325,-0.15592356739495947,descriptive only
Feature OOD <=95th percentile,Mixed Pb-Sn,PCE,Frozen global,80,19,-0.380785579144832,4.095239410135714,4.935484370326489,-2.6143123542339133,descriptive only
Feature OOD <=95th percentile,Mixed Pb-Sn,Voc,Frozen global,80,19,0.22305888567202437,0.07919774277135674,0.12292324519522237,-0.012583412430809132,descriptive only
Feature OOD <=95th percentile,Mixed Pb-Sn,Jsc,Frozen global,80,19,-0.11268492943132347,4.443414198547233,5.549956493759327,-2.9011596605057814,descriptive only
Feature OOD <=95th percentile,Mixed Pb-Sn,FF,Frozen global,80,19,-0.7333909683425512,7.115086970334398,8.491178093947006,-4.701219773565223,descriptive only
Feature OOD <=95th percentile,Mixed Pb-Sn,PCE,Subgroup calibrator,80,19,-0.380785579144832,4.095239410135714,4.935484370326489,-2.6143123542339133,descriptive only
Feature OOD <=95th percentile,Mixed Pb-Sn,Voc,Subgroup calibrator,80,19,0.22305888567202437,0.07919774277135674,0.12292324519522237,-0.012583412430809132,descriptive only
Feature OOD <=95th percentile,Mixed Pb-Sn,Jsc,Subgroup calibrator,80,19,-0.11268492943132347,4.443414198547233,5.549956493759327,-2.9011596605057814,descriptive only
Feature OOD <=95th percentile,Mixed Pb-Sn,FF,Subgroup calibrator,80,19,-0.7333909683425512,7.115086970334398,8.491178093947006,-4.701219773565223,descriptive only
Feature OOD <=95th percentile,Mixed Pb-Sn,PCE,Domain expert,80,19,-0.8315749461099884,4.63551234012743,5.684326388242979,-3.4470006454934663,descriptive only
Feature OOD <=95th percentile,Mixed Pb-Sn,Voc,Domain expert,80,19,-0.26000064210729557,0.09983124513231986,0.15654000679485908,-0.04532269511706286,descriptive only
Feature OOD <=95th percentile,Mixed Pb-Sn,Jsc,Domain expert,80,19,-0.1460043054440412,4.670803404338207,5.632440341308236,-3.289007497167398,descriptive only
Feature OOD <=95th percentile,Mixed Pb-Sn,FF,Domain expert,80,19,-1.221701276051895,8.014840416851982,9.613079134193377,-5.855327907877185,descriptive only
Feature OOD <=95th percentile,Mixed Pb-Sn,PCE,Convex mixture,80,19,-0.380785579144832,4.095239410135714,4.935484370326489,-2.6143123542339133,descriptive only
Feature OOD <=95th percentile,Mixed Pb-Sn,Voc,Convex mixture,80,19,0.22305888567202437,0.07919774277135674,0.12292324519522237,-0.012583412430809132,descriptive only
Feature OOD <=95th percentile,Mixed Pb-Sn,Jsc,Convex mixture,80,19,-0.11268492943132347,4.443414198547233,5.549956493759327,-2.9011596605057814,descriptive only
Feature OOD <=95th percentile,Mixed Pb-Sn,FF,Convex mixture,80,19,-0.7333909683425512,7.115086970334398,8.491178093947006,-4.701219773565223,descriptive only
Feature OOD <=95th percentile,Mixed Pb-Sn,PCE,Development-selected policy,80,19,-0.380785579144832,4.095239410135714,4.935484370326489,-2.6143123542339133,descriptive only
Feature OOD <=95th percentile,Mixed Pb-Sn,Voc,Development-selected policy,80,19,0.22305888567202437,0.07919774277135674,0.12292324519522237,-0.012583412430809132,descriptive only
Feature OOD <=95th percentile,Mixed Pb-Sn,Jsc,Development-selected policy,80,19,-0.11268492943132347,4.443414198547233,5.549956493759327,-2.9011596605057814,descriptive only
Feature OOD <=95th percentile,Mixed Pb-Sn,FF,Development-selected policy,80,19,-0.7333909683425512,7.115086970334398,8.491178093947006,-4.701219773565223,descriptive only
Feature OOD >95th percentile,Sn-only,PCE,Frozen global,79,22,0.2181150538774389,1.9729007433389791,2.4793818260749747,-0.9563431336093039,supported
Feature OOD >95th percentile,Sn-only,Voc,Frozen global,79,22,-0.08610200705549231,0.11158997373570241,0.1424181502222568,-0.060739697173175754,supported
Feature OOD >95th percentile,Sn-only,Jsc,Frozen global,79,22,0.016175455982703202,5.424282338889048,7.107548845333351,-1.9669521370774654,supported
Feature OOD >95th percentile,Sn-only,FF,Frozen global,79,22,0.3408854135974906,9.259854838084093,10.901002623168537,-0.9361855573626005,supported
Feature OOD >95th percentile,Sn-only,PCE,Subgroup calibrator,79,22,0.2181150538774389,1.9729007433389791,2.4793818260749747,-0.9563431336093039,supported
Feature OOD >95th percentile,Sn-only,Voc,Subgroup calibrator,79,22,-0.08610200705549231,0.11158997373570241,0.1424181502222568,-0.060739697173175754,supported
Feature OOD >95th percentile,Sn-only,Jsc,Subgroup calibrator,79,22,0.016175455982703202,5.424282338889048,7.107548845333351,-1.9669521370774654,supported
Feature OOD >95th percentile,Sn-only,FF,Subgroup calibrator,79,22,0.3408854135974906,9.259854838084093,10.901002623168537,-0.9361855573626005,supported
Feature OOD >95th percentile,Sn-only,PCE,Domain expert,79,22,0.09734745723534521,2.155881303087835,2.663988174362018,-0.9525389872528588,supported
Feature OOD >95th percentile,Sn-only,Voc,Domain expert,79,22,-0.058322426445714504,0.11774553766286057,0.14058501519106267,-0.06348413942042654,supported
Feature OOD >95th percentile,Sn-only,Jsc,Domain expert,79,22,0.030339853878718293,5.74161518987171,7.056198662408068,-2.029794999724195,supported
Feature OOD >95th percentile,Sn-only,FF,Domain expert,79,22,0.21615712921201646,10.225005780923068,11.887772604713334,-0.5266159448313495,supported
Feature OOD >95th percentile,Sn-only,PCE,Convex mixture,79,22,0.2181150538774389,1.9729007433389791,2.4793818260749747,-0.9563431336093039,supported
Feature OOD >95th percentile,Sn-only,Voc,Convex mixture,79,22,-0.08610200705549231,0.11158997373570241,0.1424181502222568,-0.060739697173175754,supported
Feature OOD >95th percentile,Sn-only,Jsc,Convex mixture,79,22,0.016175455982703202,5.424282338889048,7.107548845333351,-1.9669521370774654,supported
Feature OOD >95th percentile,Sn-only,FF,Convex mixture,79,22,0.3408854135974906,9.259854838084093,10.901002623168537,-0.9361855573626005,supported
Feature OOD >95th percentile,Sn-only,PCE,Development-selected policy,79,22,0.2181150538774389,1.9729007433389791,2.4793818260749747,-0.9563431336093039,supported
Feature OOD >95th percentile,Sn-only,Voc,Development-selected policy,79,22,-0.08610200705549231,0.11158997373570241,0.1424181502222568,-0.060739697173175754,supported
Feature OOD >95th percentile,Sn-only,Jsc,Development-selected policy,79,22,0.016175455982703202,5.424282338889048,7.107548845333351,-1.9669521370774654,supported
Feature OOD >95th percentile,Sn-only,FF,Development-selected policy,79,22,0.3408854135974906,9.259854838084093,10.901002623168537,-0.9361855573626005,supported
Feature OOD >95th percentile,Mixed Pb-Sn,PCE,Frozen global,18,9,0.2561965630792856,3.048470956370145,3.530237842335647,-1.8302868574424538,descriptive only
Feature OOD >95th percentile,Mixed Pb-Sn,Voc,Frozen global,18,9,-0.7914494209952501,0.1338470603674419,0.16803829922683153,0.09724425929015099,descriptive only
Feature OOD >95th percentile,Mixed Pb-Sn,Jsc,Frozen global,18,9,-2.4038930298184122,5.14694066164866,6.010250970139875,-5.037605153875272,descriptive only
Feature OOD >95th percentile,Mixed Pb-Sn,FF,Frozen global,18,9,-0.3654276672418011,7.860828587633382,9.310112307222411,-6.413296378932284,descriptive only
Feature OOD >95th percentile,Mixed Pb-Sn,PCE,Subgroup calibrator,18,9,0.2561965630792856,3.048470956370145,3.530237842335647,-1.8302868574424538,descriptive only
Feature OOD >95th percentile,Mixed Pb-Sn,Voc,Subgroup calibrator,18,9,-0.7914494209952501,0.1338470603674419,0.16803829922683153,0.09724425929015099,descriptive only
Feature OOD >95th percentile,Mixed Pb-Sn,Jsc,Subgroup calibrator,18,9,-2.4038930298184122,5.14694066164866,6.010250970139875,-5.037605153875272,descriptive only
Feature OOD >95th percentile,Mixed Pb-Sn,FF,Subgroup calibrator,18,9,-0.3654276672418011,7.860828587633382,9.310112307222411,-6.413296378932284,descriptive only
Feature OOD >95th percentile,Mixed Pb-Sn,PCE,Domain expert,18,9,-0.23560273643136753,3.8090448573163442,4.550030484533309,-2.4751066909386505,descriptive only
Feature OOD >95th percentile,Mixed Pb-Sn,Voc,Domain expert,18,9,-0.09760648199107602,0.10361139127748627,0.13153136686942,0.005618221170713967,descriptive only
Feature OOD >95th percentile,Mixed Pb-Sn,Jsc,Domain expert,18,9,-1.1775762747156366,3.8625102066232415,4.807190619061654,-3.767968769029555,descriptive only
Feature OOD >95th percentile,Mixed Pb-Sn,FF,Domain expert,18,9,-0.8435687965648537,8.43366245005767,10.818081401587198,-6.861786012860039,descriptive only
Feature OOD >95th percentile,Mixed Pb-Sn,PCE,Convex mixture,18,9,0.2561965630792856,3.048470956370145,3.530237842335647,-1.8302868574424538,descriptive only
Feature OOD >95th percentile,Mixed Pb-Sn,Voc,Convex mixture,18,9,-0.7914494209952501,0.1338470603674419,0.16803829922683153,0.09724425929015099,descriptive only
Feature OOD >95th percentile,Mixed Pb-Sn,Jsc,Convex mixture,18,9,-2.4038930298184122,5.14694066164866,6.010250970139875,-5.037605153875272,descriptive only
Feature OOD >95th percentile,Mixed Pb-Sn,FF,Convex mixture,18,9,-0.3654276672418011,7.860828587633382,9.310112307222411,-6.413296378932284,descriptive only
Feature OOD >95th percentile,Mixed Pb-Sn,PCE,Development-selected policy,18,9,0.2561965630792856,3.048470956370145,3.530237842335647,-1.8302868574424538,descriptive only
Feature OOD >95th percentile,Mixed Pb-Sn,Voc,Development-selected policy,18,9,-0.7914494209952501,0.1338470603674419,0.16803829922683153,0.09724425929015099,descriptive only
Feature OOD >95th percentile,Mixed Pb-Sn,Jsc,Development-selected policy,18,9,-2.4038930298184122,5.14694066164866,6.010250970139875,-5.037605153875272,descriptive only
Feature OOD >95th percentile,Mixed Pb-Sn,FF,Development-selected policy,18,9,-0.3654276672418011,7.860828587633382,9.310112307222411,-6.413296378932284,descriptive only
