context,inner_fold,candidate,score_mean_standardized_publication_balanced_MAE,best_iteration,train_records,validation_records,train_DOI,validation_DOI,encoded_features,fit_seconds,candidate_mean_score,selected_candidate,selected_final_iterations
outer_grouped_fold_1,1,depth6_lr0.05_l2-10,0.5493500544141785,697,13283,13283,2547,2547,724,7.507898012001533,0.5522541785172231,depth6_lr0.10_l2-20,449
outer_grouped_fold_1,1,depth8_lr0.04_l2-10,0.5497369650213867,700,13283,13283,2547,2547,724,21.987491586001852,0.5528111553570156,depth6_lr0.10_l2-20,449
outer_grouped_fold_1,1,depth6_lr0.10_l2-20,0.5483814557180272,449,13283,13283,2547,2547,724,4.997059192999586,0.5516249927465777,depth6_lr0.10_l2-20,449
outer_grouped_fold_1,2,depth6_lr0.05_l2-10,0.5551583026202678,698,13283,13283,2547,2547,693,7.375414288999309,0.5522541785172231,depth6_lr0.10_l2-20,449
outer_grouped_fold_1,2,depth8_lr0.04_l2-10,0.5558853456926446,693,13283,13283,2547,2547,693,21.55170594000083,0.5528111553570156,depth6_lr0.10_l2-20,449
outer_grouped_fold_1,2,depth6_lr0.10_l2-20,0.5548685297751281,450,13283,13283,2547,2547,693,4.718941562001419,0.5516249927465777,depth6_lr0.10_l2-20,449
outer_grouped_fold_2,1,depth6_lr0.05_l2-10,0.5447549844329951,700,13185,13185,2548,2546,719,7.896346531000745,0.5532682268009725,depth6_lr0.10_l2-20,445
outer_grouped_fold_2,1,depth8_lr0.04_l2-10,0.5431243416847131,700,13185,13185,2548,2546,719,22.33461022499978,0.5531056100843704,depth6_lr0.10_l2-20,445
outer_grouped_fold_2,1,depth6_lr0.10_l2-20,0.5432477623181682,446,13185,13185,2548,2546,719,4.90670135000255,0.5525444546809274,depth6_lr0.10_l2-20,445
outer_grouped_fold_2,2,depth6_lr0.05_l2-10,0.56178146916895,693,13185,13185,2546,2548,688,7.3570464980002725,0.5532682268009725,depth6_lr0.10_l2-20,445
outer_grouped_fold_2,2,depth8_lr0.04_l2-10,0.5630868784840277,681,13185,13185,2546,2548,688,22.08822083799896,0.5531056100843704,depth6_lr0.10_l2-20,445
outer_grouped_fold_2,2,depth6_lr0.10_l2-20,0.5618411470436866,445,13185,13185,2546,2548,688,4.786354666000989,0.5525444546809274,depth6_lr0.10_l2-20,445
outer_grouped_fold_3,1,depth6_lr0.05_l2-10,0.5564294376636654,695,13271,13272,2547,2547,729,8.201828118999401,0.557931448770734,depth8_lr0.04_l2-10,699
outer_grouped_fold_3,1,depth8_lr0.04_l2-10,0.5542900992782773,699,13271,13272,2547,2547,729,22.056265079001605,0.5552849339928857,depth8_lr0.04_l2-10,699
outer_grouped_fold_3,1,depth6_lr0.10_l2-20,0.5558411333230983,450,13271,13272,2547,2547,729,4.969904282999778,0.5575681738289031,depth8_lr0.04_l2-10,699
outer_grouped_fold_3,2,depth6_lr0.05_l2-10,0.5594334598778026,699,13272,13271,2547,2547,708,7.386914575003175,0.557931448770734,depth8_lr0.04_l2-10,699
outer_grouped_fold_3,2,depth8_lr0.04_l2-10,0.5562797687074941,700,13272,13271,2547,2547,708,21.86886657499781,0.5552849339928857,depth8_lr0.04_l2-10,699
outer_grouped_fold_3,2,depth6_lr0.10_l2-20,0.5592952143347079,436,13272,13271,2547,2547,708,4.7530934890019125,0.5575681738289031,depth8_lr0.04_l2-10,699
outer_grouped_fold_4,1,depth6_lr0.05_l2-10,0.549157623838868,699,13307,13308,2547,2548,691,7.391542976001801,0.5549944211610389,depth8_lr0.04_l2-10,700
outer_grouped_fold_4,1,depth8_lr0.04_l2-10,0.5480965880127752,700,13307,13308,2547,2548,691,22.015691959000833,0.5544934518730966,depth8_lr0.04_l2-10,700
outer_grouped_fold_4,1,depth6_lr0.10_l2-20,0.5504852257916756,406,13307,13308,2547,2548,691,4.87610657100231,0.5559216429414944,depth8_lr0.04_l2-10,700
outer_grouped_fold_4,2,depth6_lr0.05_l2-10,0.5608312184832099,695,13308,13307,2548,2547,734,7.659015355999145,0.5549944211610389,depth8_lr0.04_l2-10,700
outer_grouped_fold_4,2,depth8_lr0.04_l2-10,0.5608903157334181,700,13308,13307,2548,2547,734,21.827053569999407,0.5544934518730966,depth8_lr0.04_l2-10,700
outer_grouped_fold_4,2,depth6_lr0.10_l2-20,0.5613580600913131,450,13308,13307,2548,2547,734,4.711051419002615,0.5559216429414944,depth8_lr0.04_l2-10,700
outer_grouped_fold_5,1,depth6_lr0.05_l2-10,0.5485618783094734,700,13303,13303,2548,2547,709,8.243694376000349,0.5557634245810399,depth8_lr0.04_l2-10,686
outer_grouped_fold_5,1,depth8_lr0.04_l2-10,0.5463689889828902,699,13303,13303,2548,2547,709,22.420769164997182,0.5550786313119408,depth8_lr0.04_l2-10,686
outer_grouped_fold_5,1,depth6_lr0.10_l2-20,0.5482830400687316,448,13303,13303,2548,2547,709,5.00488057399707,0.5570265720821848,depth8_lr0.04_l2-10,686
outer_grouped_fold_5,2,depth6_lr0.05_l2-10,0.5629649708526064,667,13303,13303,2547,2548,725,7.4762602070004505,0.5557634245810399,depth8_lr0.04_l2-10,686
outer_grouped_fold_5,2,depth8_lr0.04_l2-10,0.5637882736409914,674,13303,13303,2547,2548,725,22.02157739299946,0.5550786313119408,depth8_lr0.04_l2-10,686
outer_grouped_fold_5,2,depth6_lr0.10_l2-20,0.5657701040956378,422,13303,13303,2547,2548,725,4.888539976000175,0.5570265720821848,depth8_lr0.04_l2-10,686
chronological_train_through_2018,1,depth6_lr0.05_l2-10,0.5633643079928522,696,12029,12030,2316,2317,659,7.083044295999571,0.5714106808998176,depth6_lr0.10_l2-20,446
chronological_train_through_2018,1,depth8_lr0.04_l2-10,0.5622890050449594,700,12029,12030,2316,2317,659,20.670594142997288,0.5705640755432413,depth6_lr0.10_l2-20,446
chronological_train_through_2018,1,depth6_lr0.10_l2-20,0.5615982413754984,446,12029,12030,2316,2317,659,4.475010548998398,0.570417619383003,depth6_lr0.10_l2-20,446
chronological_train_through_2018,2,depth6_lr0.05_l2-10,0.5794570538067829,699,12030,12029,2317,2316,657,7.102819808002096,0.5714106808998176,depth6_lr0.10_l2-20,446
chronological_train_through_2018,2,depth8_lr0.04_l2-10,0.5788391460415233,700,12030,12029,2317,2316,657,19.643561519002105,0.5705640755432413,depth6_lr0.10_l2-20,446
chronological_train_through_2018,2,depth6_lr0.10_l2-20,0.5792369973905075,447,12030,12029,2317,2316,657,4.415135641000234,0.570417619383003,depth6_lr0.10_l2-20,446
rolling_train_before_2016,1,depth6_lr0.05_l2-10,0.6930555459763545,449,2274,2274,470,469,278,2.5445697420000215,0.6692550579575338,depth6_lr0.05_l2-10,347
rolling_train_before_2016,1,depth8_lr0.04_l2-10,0.6967004034877264,387,2274,2274,470,469,278,6.551274076999107,0.6720878287489437,depth6_lr0.05_l2-10,347
rolling_train_before_2016,1,depth6_lr0.10_l2-20,0.6987525058823174,248,2274,2274,470,469,278,1.4698617729991383,0.673813006641643,depth6_lr0.05_l2-10,347
rolling_train_before_2016,2,depth6_lr0.05_l2-10,0.645454569938713,246,2274,2274,469,470,296,1.498358743996505,0.6692550579575338,depth6_lr0.05_l2-10,347
rolling_train_before_2016,2,depth8_lr0.04_l2-10,0.6474752540101609,272,2274,2274,469,470,296,4.808851572001004,0.6720878287489437,depth6_lr0.05_l2-10,347
rolling_train_before_2016,2,depth6_lr0.10_l2-20,0.6488735074009687,152,2274,2274,469,470,296,1.0870365890004905,0.673813006641643,depth6_lr0.05_l2-10,347
rolling_train_before_2017,1,depth6_lr0.05_l2-10,0.6174791548374401,288,4759,4760,957,956,401,2.3556458560015017,0.623325252038754,depth8_lr0.04_l2-10,530
rolling_train_before_2017,1,depth8_lr0.04_l2-10,0.6144680269515946,455,4759,4760,957,956,401,9.887913766000565,0.620361849948469,depth8_lr0.04_l2-10,530
rolling_train_before_2017,1,depth6_lr0.10_l2-20,0.6165324449541932,194,4759,4760,957,956,401,1.6708238830033224,0.6243510780584419,depth8_lr0.04_l2-10,530
rolling_train_before_2017,2,depth6_lr0.05_l2-10,0.6291713492400678,537,4760,4759,956,957,395,3.8563433669987717,0.623325252038754,depth8_lr0.04_l2-10,530
rolling_train_before_2017,2,depth8_lr0.04_l2-10,0.6262556729453433,606,4760,4759,956,957,395,12.823604577999504,0.620361849948469,depth8_lr0.04_l2-10,530
rolling_train_before_2017,2,depth6_lr0.10_l2-20,0.6321697111626906,295,4760,4759,956,957,395,2.3551419469986286,0.6243510780584419,depth8_lr0.04_l2-10,530
rolling_train_before_2018,1,depth6_lr0.05_l2-10,0.5955854606281985,671,7953,7954,1566,1567,538,5.536601093997888,0.599073113392444,depth8_lr0.04_l2-10,697
rolling_train_before_2018,1,depth8_lr0.04_l2-10,0.5945676478164235,699,7953,7954,1566,1567,538,16.00098945100035,0.5974242783079915,depth8_lr0.04_l2-10,697
rolling_train_before_2018,1,depth6_lr0.10_l2-20,0.5953867777717023,379,7953,7954,1566,1567,538,3.5064162999988184,0.5996849355373729,depth8_lr0.04_l2-10,697
rolling_train_before_2018,2,depth6_lr0.05_l2-10,0.6025607661566894,671,7954,7953,1567,1566,505,5.706179395001527,0.599073113392444,depth8_lr0.04_l2-10,697
rolling_train_before_2018,2,depth8_lr0.04_l2-10,0.6002809087995596,695,7954,7953,1567,1566,505,16.368030280998937,0.5974242783079915,depth8_lr0.04_l2-10,697
rolling_train_before_2018,2,depth6_lr0.10_l2-20,0.6039830933030435,345,7954,7953,1567,1566,505,3.3044429719993786,0.5996849355373729,depth8_lr0.04_l2-10,697
