scheme,domain_type,domain,records,DOI,descriptive_eligible,inferential_eligible,mean_measured,mean_measured_CI_low,mean_measured_CI_high,mean_predicted,mean_predicted_CI_low,mean_predicted_CI_high,MAE,MAE_CI_low,MAE_CI_high,bias,bias_CI_low,bias_CI_high,RMSE,RMSE_CI_low,RMSE_CI_high
DOI-grouped 5-fold,A-site pattern,MA (no FA/Cs),115,74,True,True,20.45457754182754,20.36947659043442,20.535763854679807,15.104073826689268,14.631993697295734,15.539727622908455,5.350503715138276,4.895647547006634,5.851279577013012,-5.350503715138276,-5.851279577013012,-4.895647547006634,5.737291358865166,5.2027656769213175,6.35096793256284
DOI-grouped 5-fold,A-site pattern,FA (no MA/Cs),39,8,True,False,20.757427631578945,20.279958333333333,21.27035803571428,13.42112236814862,12.11518725417915,14.79161680144534,7.3363052634303285,5.857040887560011,8.794369648532216,-7.3363052634303285,-8.794369648532216,-5.857040887560011,7.594948794655629,5.897745793192133,8.980923336792966
DOI-grouped 5-fold,A-site pattern,FA+MA,187,81,True,True,20.810071160187103,20.69472056097158,20.9391070766732,17.002941841539073,16.695550574280826,17.30307715091546,3.8071293186480313,3.5280290252078648,4.110853246348602,-3.8071293186480313,-4.110853246348602,-3.5280290252078648,4.051977829449193,3.7544308152455823,4.381847905613214
DOI-grouped 5-fold,A-site pattern,FA+Cs,17,8,True,False,20.714916666666667,20.443270833333333,20.991684999999997,16.71223979761474,15.712980731228395,17.67636787521732,4.0026768690519265,3.047806826049411,5.075486903030903,-4.0026768690519265,-5.075486903030904,-3.047806826049411,4.280848079140867,3.2499141622059593,5.290618561126653
DOI-grouped 5-fold,A-site pattern,MA+Cs,1,1,False,False,20.46,,,15.20115996133006,,,5.258840038669941,,,-5.258840038669941,,,5.258840038669941,,
DOI-grouped 5-fold,A-site pattern,FA+MA+Cs,169,95,True,True,20.648280701754388,20.554834533734347,20.75239534980106,16.890302704180883,16.543114745133625,17.232188373016054,3.757977997573503,3.396977112366097,4.123948031953711,-3.757977997573503,-4.123948031953711,-3.396977112366097,4.21710633427237,3.7203116213662097,4.6933286396445855
DOI-grouped 5-fold,A-site pattern,Other/unknown,1,1,False,False,24.82,,,9.89978299401146,,,14.92021700598854,,,-14.92021700598854,,,14.92021700598854,,
DOI-grouped 5-fold,B-site pattern,Pb (no Sn),526,258,True,True,20.635628602842175,20.579931785655663,20.69753236397681,16.351957089440752,16.122333408637015,16.586752788927626,4.2836715134014245,4.050385261017055,4.509481615595471,-4.2836715134014245,-4.509481615595471,-4.050385261017055,4.712415629009814,4.434818589178405,4.991128488061709
DOI-grouped 5-fold,B-site pattern,Pb+Sn,2,2,False,False,20.950000000000003,,,12.06601178904098,,,8.883988210959021,,,-8.883988210959021,,,9.274487345430416,,
DOI-grouped 5-fold,B-site pattern,Other/unknown,1,1,False,False,24.82,,,9.89978299401146,,,14.92021700598854,,,-14.92021700598854,,,14.92021700598854,,
DOI-grouped 5-fold,A x B domain,FA (no MA/Cs) / Pb (no Sn),39,8,True,False,20.757427631578945,20.279958333333333,21.27035803571428,13.42112236814862,12.11518725417915,14.79161680144534,7.3363052634303285,5.857040887560011,8.794369648532216,-7.3363052634303285,-8.794369648532216,-5.857040887560011,7.594948794655629,5.897745793192133,8.980923336792966
DOI-grouped 5-fold,A x B domain,FA+Cs / Pb (no Sn),17,8,True,False,20.714916666666667,20.443270833333333,20.991684999999997,16.71223979761474,15.712980731228395,17.67636787521732,4.0026768690519265,3.047806826049411,5.075486903030903,-4.0026768690519265,-5.075486903030904,-3.047806826049411,4.280848079140867,3.2499141622059593,5.290618561126653
DOI-grouped 5-fold,A x B domain,FA+MA / Pb (no Sn),186,80,True,True,20.80644704968944,20.686705296210032,20.9368022544014,17.029492610147763,16.712729633747,17.32692455887723,3.7769544395416816,3.5025003948592306,4.081542927405825,-3.7769544395416816,-4.081542927405825,-3.5025003948592306,4.0174589934029505,3.7248633304062495,4.346272726104444
DOI-grouped 5-fold,A x B domain,FA+MA / Pb+Sn,1,1,False,False,21.1,,,14.87888035284394,,,6.221119647156062,,,-6.221119647156062,,,6.221119647156062,,
DOI-grouped 5-fold,A x B domain,FA+MA+Cs / Pb (no Sn),168,94,True,True,20.64666666666667,20.55273783969728,20.75235136916836,16.97154908161645,16.654750015095576,17.29049788534512,3.6751175850502205,3.3346263098267173,4.021341162589253,-3.6751175850502205,-4.021341162589253,-3.3346263098267173,4.06875582544453,3.6240137865046713,4.478944449693858
DOI-grouped 5-fold,A x B domain,FA+MA+Cs / Pb+Sn,1,1,False,False,20.8,,,9.25314322523802,,,11.54685677476198,,,-11.54685677476198,,,11.54685677476198,,
DOI-grouped 5-fold,A x B domain,MA (no FA/Cs) / Pb (no Sn),115,74,True,True,20.45457754182754,20.36947659043442,20.535763854679807,15.104073826689268,14.631993697295734,15.539727622908455,5.350503715138276,4.895647547006634,5.851279577013012,-5.350503715138276,-5.851279577013012,-4.895647547006634,5.737291358865166,5.2027656769213175,6.35096793256284
DOI-grouped 5-fold,A x B domain,MA+Cs / Pb (no Sn),1,1,False,False,20.46,,,15.20115996133006,,,5.258840038669941,,,-5.258840038669941,,,5.258840038669941,,
DOI-grouped 5-fold,A x B domain,Other/unknown / Other/unknown,1,1,False,False,24.82,,,9.89978299401146,,,14.92021700598854,,,-14.92021700598854,,,14.92021700598854,,
Chronological >2018,A-site pattern,MA (no FA/Cs),115,74,True,True,20.45457754182754,20.36947659043442,20.535763854679807,14.449471555692753,13.976553244318069,14.912770706728754,6.0051059861347875,5.540003743655118,6.485907967539582,-6.0051059861347875,-6.485907967539582,-5.540003743655118,6.35742857367164,5.827964340548686,6.896058249237835
Chronological >2018,A-site pattern,FA (no MA/Cs),39,8,True,False,20.757427631578945,20.279958333333333,21.27035803571428,12.718883837300607,11.845870819972207,13.59218937051753,8.03854379427834,7.06255681689521,9.040882206547861,-8.03854379427834,-9.040882206547861,-7.06255681689521,8.152706007251771,7.153147402807212,9.094380457057225
Chronological >2018,A-site pattern,FA+MA,187,81,True,True,20.8100711601871,20.69472056097158,20.9391070766732,16.13956577305024,15.812893987242182,16.46169858099557,4.6705053871368625,4.339537453130391,5.012173766898138,-4.6705053871368625,-5.012173766898138,-4.339537453130391,4.9164613243861055,4.588866691211502,5.254066089910343
Chronological >2018,A-site pattern,FA+Cs,17,8,True,False,20.714916666666667,20.443270833333333,20.991684999999997,16.242092894378622,14.724690459160223,17.700131448331085,4.472823772288045,3.021957196917557,6.072527153112678,-4.472823772288045,-6.072527153112678,-3.021957196917558,4.9679136729990265,3.2559210904290214,6.4702631237046315
Chronological >2018,A-site pattern,MA+Cs,1,1,False,False,20.46,,,15.632538552058142,,,4.827461447941859,,,-4.827461447941859,,,4.827461447941859,,
Chronological >2018,A-site pattern,FA+MA+Cs,169,95,True,True,20.648280701754388,20.554834533734347,20.75239534980106,16.527262337077243,16.230693366168225,16.84912261214017,4.121018364677143,3.786922191003377,4.464899438600532,-4.121018364677143,-4.464899438600532,-3.786922191003377,4.481539159637428,4.093795256965336,4.86926767472951
Chronological >2018,A-site pattern,Other/unknown,1,1,False,False,24.82,,,9.501791411098,,,15.318208588902,,,-15.318208588902,,,15.318208588902,,
Chronological >2018,B-site pattern,Pb (no Sn),526,258,True,True,20.635628602842175,20.579931785655663,20.69753236397681,15.727028096013278,15.499748748586688,15.95381826031102,4.908600506828899,4.6715826836964265,5.1373963167144225,-4.908600506828899,-5.1373963167144225,-4.6715826836964265,5.307647944079395,5.038480174037788,5.565501952818813
Chronological >2018,B-site pattern,Pb+Sn,2,2,False,False,20.950000000000003,,,12.66401868865498,,,8.28598131134502,,,-8.28598131134502,,,8.289150962063278,,
Chronological >2018,B-site pattern,Other/unknown,1,1,False,False,24.82,,,9.501791411098,,,15.318208588902,,,-15.318208588902,,,15.318208588902,,
Chronological >2018,A x B domain,FA (no MA/Cs) / Pb (no Sn),39,8,True,False,20.757427631578945,20.279958333333333,21.27035803571428,12.718883837300607,11.845870819972207,13.59218937051753,8.03854379427834,7.06255681689521,9.040882206547861,-8.03854379427834,-9.040882206547861,-7.06255681689521,8.152706007251771,7.153147402807212,9.094380457057225
Chronological >2018,A x B domain,FA+Cs / Pb (no Sn),17,8,True,False,20.714916666666667,20.443270833333333,20.991684999999997,16.242092894378622,14.724690459160223,17.700131448331085,4.472823772288045,3.021957196917557,6.072527153112678,-4.472823772288045,-6.072527153112678,-3.021957196917558,4.9679136729990265,3.2559210904290214,6.4702631237046315
Chronological >2018,A x B domain,FA+MA / Pb (no Sn),186,80,True,True,20.80644704968944,20.686705296210032,20.9368022544014,16.18400024085389,15.8596449040508,16.499263145387783,4.62244680883555,4.304889410935024,4.95202635779422,-4.62244680883555,-4.95202635779422,-4.304889410935024,4.854624675800842,4.536768533490976,5.188147638150244
Chronological >2018,A x B domain,FA+MA / Pb+Sn,1,1,False,False,21.1,,,12.584808348758122,,,8.51519165124188,,,-8.51519165124188,,,8.51519165124188,,
Chronological >2018,A x B domain,FA+MA+Cs / Pb (no Sn),168,94,True,True,20.64666666666667,20.55273783969728,20.75235136916836,16.567518010572194,16.273638093467163,16.871883416743067,4.079148656094472,3.7366890973572158,4.410562596870872,-4.079148656094472,-4.410562596870872,-3.7366890973572158,4.428013818297533,4.038048329989845,4.786732755447241
Chronological >2018,A x B domain,FA+MA+Cs / Pb+Sn,1,1,False,False,20.8,,,12.74322902855184,,,8.056770971448161,,,-8.056770971448161,,,8.056770971448161,,
Chronological >2018,A x B domain,MA (no FA/Cs) / Pb (no Sn),115,74,True,True,20.45457754182754,20.36947659043442,20.535763854679807,14.449471555692753,13.976553244318069,14.912770706728754,6.0051059861347875,5.540003743655118,6.485907967539582,-6.0051059861347875,-6.485907967539582,-5.540003743655118,6.35742857367164,5.827964340548686,6.896058249237835
Chronological >2018,A x B domain,MA+Cs / Pb (no Sn),1,1,False,False,20.46,,,15.632538552058142,,,4.827461447941859,,,-4.827461447941859,,,4.827461447941859,,
Chronological >2018,A x B domain,Other/unknown / Other/unknown,1,1,False,False,24.82,,,9.501791411098,,,15.318208588902,,,-15.318208588902,,,15.318208588902,,
