domain_type,domain,historical_records,historical_DOI,future_records,future_DOI,historical_record_share,future_record_share,historical_DOI_share,future_DOI_share,future_formula_unseen_device_fraction,future_formula_unseen_DOI_balanced_fraction,support_class,descriptive_eligible,inferential_eligible
A-site pattern,MA (no FA/Cs),18738,3772,4713,928,0.7788353630657966,0.5170030715225976,0.8141592920353983,0.5348703170028818,0.031402503713133884,0.032132050181619146,established (>=100 historical DOI),True,True
A-site pattern,FA (no MA/Cs),612,177,301,62,0.025437466228854066,0.0330188679245283,0.03820418735160803,0.035734870317002884,0.21926910299003322,0.14408602150537636,established (>=100 historical DOI),True,True
A-site pattern,Cs (no FA/MA),814,162,862,174,0.03383349266386799,0.09455901711276876,0.03496654435570904,0.10028818443804034,0.04640371229698376,0.04490928555330178,established (>=100 historical DOI),True,True
A-site pattern,FA+MA,2009,382,1107,255,0.0835030549898167,0.12143483984203599,0.0824519749622275,0.14697406340057637,0.04607046070460705,0.05158730158730159,established (>=100 historical DOI),True,True
A-site pattern,FA+Cs,511,103,331,72,0.021239453011347106,0.036309784993418165,0.022231815238506366,0.0414985590778098,0.09365558912386707,0.10509259259259258,established (>=100 historical DOI),True,True
A-site pattern,MA+Cs,85,20,38,15,0.003532981420674176,0.004168494953927161,0.004316857327865314,0.008645533141210375,0.07894736842105263,0.2,limited (10-99 historical DOI),True,False
A-site pattern,FA+MA+Cs,1166,250,1665,342,0.048464192194189286,0.18264589732338746,0.05396071659831642,0.19711815561959653,0.06726726726726727,0.06636302294197031,established (>=100 historical DOI),True,True
A-site pattern,Other/unknown,124,45,99,25,0.005153996425454092,0.01086002632733655,0.009712928987696956,0.01440922190201729,0.696969696969697,0.6133333333333333,limited (10-99 historical DOI),True,True
B-site pattern,Pb (no Sn),23162,4474,8768,1660,0.962716654890062,0.9618253620008775,0.9656809842434707,0.9567723342939481,0.048471715328467155,0.042767312614938414,established (>=100 historical DOI),True,True
B-site pattern,Sn (no Pb),389,83,155,30,0.01616858556049711,0.01700307152259763,0.017914957910641054,0.01729106628242075,0.25161290322580643,0.30787878787878786,limited (10-99 historical DOI),True,True
B-site pattern,Pb+Sn,274,57,98,25,0.01138866952076146,0.01075032909170689,0.012303043384416144,0.01440922190201729,0.3469387755102041,0.35,limited (10-99 historical DOI),True,True
B-site pattern,Other/unknown,234,63,95,25,0.009726090028679496,0.010421237384817903,0.01359810058277574,0.01440922190201729,0.23157894736842105,0.22,limited (10-99 historical DOI),True,True
A x B domain,Cs (no FA/MA) / Other/unknown,54,15,48,12,0.002244482314310653,0.005265467310223783,0.0032376429958989855,0.0069164265129683,0.08333333333333333,0.1111111111111111,limited (10-99 historical DOI),True,False
A x B domain,Cs (no FA/MA) / Pb (no Sn),655,124,807,159,0.02722473918284218,0.08852566915313734,0.026764515432764948,0.09164265129682997,0.04460966542750929,0.04076026637069922,established (>=100 historical DOI),True,True
A x B domain,Cs (no FA/MA) / Pb+Sn,5,3,2,1,0.00020782243651024565,0.00021939447125932427,0.0006475285991797971,0.0005763688760806917,0.0,0.0,sparse (<10 historical DOI),False,False
A x B domain,Cs (no FA/MA) / Sn (no Pb),100,22,5,2,0.004156448730204913,0.0005484861781483107,0.0047485430606518456,0.0011527377521613833,0.0,0.0,limited (10-99 historical DOI),False,False
A x B domain,FA (no MA/Cs) / Other/unknown,3,3,0,0,0.00012469346190614738,0.0,0.0006475285991797971,0.0,,,sparse (<10 historical DOI),False,False
A x B domain,FA (no MA/Cs) / Pb (no Sn),444,141,200,41,0.018454632362109813,0.021939447125932425,0.030433844161450466,0.02363112391930836,0.26,0.13008130081300814,established (>=100 historical DOI),True,True
A x B domain,FA (no MA/Cs) / Pb+Sn,38,9,1,1,0.001579450517477867,0.00010969723562966213,0.0019425857975393912,0.0005763688760806917,0.0,0.0,sparse (<10 historical DOI),False,False
A x B domain,FA (no MA/Cs) / Sn (no Pb),127,30,100,20,0.00527868988736024,0.010969723562966213,0.006475285991797971,0.011527377521613832,0.14,0.18,limited (10-99 historical DOI),True,True
A x B domain,FA+Cs / Pb (no Sn),482,98,328,71,0.02003408287958768,0.035980693286529176,0.021152600906540038,0.04092219020172911,0.09451219512195122,0.10657276995305164,limited (10-99 historical DOI),True,True
A x B domain,FA+Cs / Pb+Sn,22,6,3,1,0.0009144187206450809,0.0003290917068889864,0.0012950571983595942,0.0005763688760806917,0.0,0.0,sparse (<10 historical DOI),False,False
A x B domain,FA+Cs / Sn (no Pb),7,2,0,0,0.0002909514111143439,0.0,0.0004316857327865314,0.0,,,sparse (<10 historical DOI),False,False
A x B domain,FA+MA / Pb (no Sn),1937,368,1042,237,0.08051041190406916,0.11430451952610794,0.07943017483272177,0.13659942363112393,0.03934740882917467,0.04405264215390797,established (>=100 historical DOI),True,True
A x B domain,FA+MA / Pb+Sn,32,9,49,14,0.001330063593665572,0.005375164545853445,0.0019425857975393912,0.008069164265129682,0.02040816326530612,0.07142857142857142,sparse (<10 historical DOI),True,False
A x B domain,FA+MA / Sn (no Pb),40,5,16,5,0.0016625794920819652,0.0017551557700745941,0.0010792143319663286,0.002881844380403458,0.5625,0.34285714285714286,sparse (<10 historical DOI),True,False
A x B domain,FA+MA+Cs / Pb (no Sn),1153,249,1632,334,0.04792385385926264,0.1790258885476086,0.05374487373192316,0.192507204610951,0.04840686274509804,0.04400046061722709,established (>=100 historical DOI),True,True
A x B domain,FA+MA+Cs / Pb+Sn,10,2,33,8,0.0004156448730204913,0.0036200087757788505,0.0004316857327865314,0.004610951008645533,1.0,1.0,sparse (<10 historical DOI),True,False
A x B domain,FA+MA+Cs / Sn (no Pb),3,1,0,0,0.00012469346190614738,0.0,0.0002158428663932657,0.0,,,sparse (<10 historical DOI),False,False
A x B domain,MA (no FA/Cs) / Other/unknown,108,34,18,8,0.004488964628621306,0.0019745502413339184,0.007338657457371034,0.004610951008645533,0.05555555555555555,0.125,limited (10-99 historical DOI),True,False
A x B domain,MA (no FA/Cs) / Pb (no Sn),18371,3702,4665,915,0.7635811962259446,0.5117376042123738,0.7990502913878696,0.5273775216138329,0.031082529474812434,0.0304027787634345,established (>=100 historical DOI),True,True
A x B domain,MA (no FA/Cs) / Pb+Sn,152,32,10,2,0.006317802069911468,0.0010969723562966214,0.006906971724584502,0.0011527377521613833,0.0,0.0,limited (10-99 historical DOI),False,False
A x B domain,MA (no FA/Cs) / Sn (no Pb),107,29,20,5,0.0044474001413192564,0.002193944712593243,0.006259443125404706,0.002881844380403458,0.1,0.2,limited (10-99 historical DOI),True,False
A x B domain,MA+Cs / Pb (no Sn),68,19,38,15,0.002826385136539341,0.004168494953927161,0.004101014461472048,0.008645533141210375,0.07894736842105263,0.2,limited (10-99 historical DOI),True,False
A x B domain,MA+Cs / Pb+Sn,15,3,0,0,0.0006234673095307369,0.0,0.0006475285991797971,0.0,,,sparse (<10 historical DOI),False,False
A x B domain,MA+Cs / Sn (no Pb),2,1,0,0,8.312897460409825e-05,0.0,0.0002158428663932657,0.0,,,sparse (<10 historical DOI),False,False
A x B domain,Other/unknown / Other/unknown,69,19,29,7,0.00286794962384139,0.003181219833260202,0.004101014461472048,0.004034582132564841,0.5862068965517241,0.4523809523809524,limited (10-99 historical DOI),True,False
A x B domain,Other/unknown / Pb (no Sn),52,25,56,14,0.0021613533397065545,0.00614304519526108,0.005396071659831643,0.008069164265129682,0.6785714285714286,0.5833333333333334,limited (10-99 historical DOI),True,False
A x B domain,Other/unknown / Sn (no Pb),3,1,14,4,0.00012469346190614738,0.00153576129881527,0.0002158428663932657,0.0023054755043227667,1.0,1.0,sparse (<10 historical DOI),False,False
FA presence,FA absent,19761,3947,5712,1124,0.8213558335757929,0.6265906099166301,0.8519317936542198,0.6478386167146974,0.04551820728291316,0.04633922020226186,established (>=100 historical DOI),True,True
FA presence,FA present,4298,824,3404,685,0.17864416642420716,0.3734093900833699,0.17785452190805093,0.39481268011527376,0.07638072855464159,0.07163614163614164,established (>=100 historical DOI),True,True
MA presence,MA absent,2061,453,1593,320,0.08566440832952325,0.1747476963580518,0.09777681847614936,0.1844380403458213,0.1293157564344005,0.11634650735294119,established (>=100 historical DOI),True,True
MA presence,MA present,21998,4287,7523,1460,0.9143355916704767,0.8252523036419482,0.9253183682279301,0.8414985590778098,0.04173866808454074,0.04159573683546286,established (>=100 historical DOI),True,True
Cs presence,Cs absent,21483,4232,6220,1211,0.8929298807099214,0.6823168056164984,0.9134470105763004,0.6979827089337176,0.05369774919614148,0.04988358279027148,established (>=100 historical DOI),True,True
Cs presence,Cs present,2576,520,2896,587,0.10707011929007856,0.3176831943835015,0.11223829052449817,0.338328530259366,0.06422651933701658,0.06719540522276268,established (>=100 historical DOI),True,True
Pb presence,Pb absent,623,145,250,55,0.02589467558917661,0.027424308907415533,0.03129721562702353,0.03170028818443804,0.244,0.26793388429752063,established (>=100 historical DOI),True,True
Pb presence,Pb present,23436,4505,8866,1680,0.9741053244108234,0.9725756910925845,0.9723721131016619,0.968299711815562,0.05177080983532596,0.04716889222666533,established (>=100 historical DOI),True,True
Sn presence,Sn absent,23396,4534,8863,1685,0.9724427449187414,0.9722465993856955,0.9786315562270667,0.9711815561959655,0.05043439016134492,0.04539687770967226,established (>=100 historical DOI),True,True
Sn presence,Sn present,663,127,253,55,0.027557255081258572,0.027753400614304518,0.027412044031944745,0.03170028818443804,0.2885375494071146,0.3270247933884297,established (>=100 historical DOI),True,True
